date,publication_date,dosen_kumulativ,personen_erst_kumulativ,personen_voll_kumulativ,dosen_biontech_kumulativ,dosen_erst_biontech_kumulativ,dosen_voll_biontech_kumulativ,dosen_moderna_kumulativ,dosen_erst_moderna_kumulativ,dosen_voll_moderna_kumulativ,dosen_astrazeneca_kumulativ,dosen_erst_astrazeneca_kumulativ,dosen_voll_astrazeneca_kumulativ,dosen_janssen_kumulativ,dosen_erst_janssen_kumulativ,dosen_voll_janssen_kumulativ,indikation_alter_dosen,indikation_alter_erst,indikation_alter_voll,indikation_beruf_dosen,indikation_beruf_erst,indikation_beruf_voll,indikation_medizinisch_dosen,indikation_medizinisch_erst,indikation_medizinisch_voll,indikation_pflegeheim_dosen,indikation_pflegeheim_erst,indikation_pflegeheim_voll,dosen_differenz_zum_vortag,dosen_erst_differenz_zum_vortag,dosen_voll_differenz_zum_vortag,impf_quote_dosen,impf_quote_erst,impf_quote_voll,impf_inzidenz_dosen,impf_inzidenz_erst,impf_inzidenz_voll,dosen_kumulativ_impfstelle_zentral,personen_erst_kumulativ_impfstelle_zentral,personen_voll_kumulativ_impfstelle_zentral,dosen_biontech_kumulativ_impfstelle_zentral,dosen_erst_biontech_kumulativ_impfstelle_zentral,dosen_voll_biontech_kumulativ_impfstelle_zentral,dosen_moderna_kumulativ_impfstelle_zentral,dosen_erst_moderna_kumulativ_impfstelle_zentral,dosen_voll_moderna_kumulativ_impfstelle_zentral,dosen_astrazeneca_kumulativ_impfstelle_zentral,dosen_erst_astrazeneca_kumulativ_impfstelle_zentral,dosen_voll_astrazeneca_kumulativ_impfstelle_zentral,dosen_janssen_kumulativ_impfstelle_zentral,dosen_erst_janssen_kumulativ_impfstelle_zentral,dosen_voll_janssen_kumulativ_impfstelle_zentral,dosen_kumulativ_impfstelle_aerzte,personen_erst_kumulativ_impfstelle_aerzte,personen_voll_kumulativ_impfstelle_aerzte,dosen_biontech_kumulativ_impfstelle_aerzte,dosen_erst_biontech_kumulativ_impfstelle_aerzte,dosen_voll_biontech_kumulativ_impfstelle_aerzte,dosen_moderna_kumulativ_impfstelle_aerzte,dosen_erst_moderna_kumulativ_impfstelle_aerzte,dosen_voll_moderna_kumulativ_impfstelle_aerzte,dosen_astrazeneca_kumulativ_impfstelle_aerzte,dosen_erst_astrazeneca_kumulativ_impfstelle_aerzte,dosen_voll_astrazeneca_kumulativ_impfstelle_aerzte,dosen_janssen_kumulativ_impfstelle_aerzte,dosen_erst_janssen_kumulativ_impfstelle_aerzte,dosen_voll_janssen_kumulativ_impfstelle_aerzte,dosen_kumulativ_alter_unter60,personen_erst_kumulativ_alter_unter60,personen_voll_kumulativ_alter_unter60,dosen_kumulativ_impfstelle_zentral_alter_unter60,personen_erst_kumulativ_impfstelle_zentral_alter_unter60,personen_voll_kumulativ_impfstelle_zentral_alter_unter60,dosen_kumulativ_impfstelle_aerzte_alter_unter60,personen_erst_kumulativ_impfstelle_aerzte_alter_unter60,personen_voll_kumulativ_impfstelle_aerzte_alter_unter60,dosen_kumulativ_alter_60plus,personen_erst_kumulativ_alter_60plus,personen_voll_kumulativ_alter_60plus,dosen_kumulativ_impfstelle_zentral_alter_60plus,personen_erst_kumulativ_impfstelle_zentral_alter_60plus,personen_voll_kumulativ_impfstelle_zentral_alter_60plus,dosen_kumulativ_impfstelle_aerzte_alter_60plus,personen_erst_kumulativ_impfstelle_aerzte_alter_60plus,personen_voll_kumulativ_impfstelle_aerzte_alter_60plus
2020-12-27,2020-12-28 16:15,1252,1252,0,1252,1252,0,0,0,0,0,0,0,0,0,0,,,0,620,620,0,,,0,632,632,0,,,,0.030582063131442048,0.030582063131442048,0,0.3058206313144205,0.3058206313144205,0,,,,,,,,,,,,,0,0,0,,,,,,,,,,,,,,0,0,,,,,,,,,,,,,,,,,,
2020-12-28,2020-12-29 08:00,1462,1462,0,1462,1462,0,0,0,0,0,0,0,0,0,0,,,0,715,715,0,,,0,747,747,0,210,,,0.035711642410677535,0.035711642410677535,0,0.35711642410677535,0.35711642410677535,0,,,,,,,,,,,,,0,0,0,,,,,,,,,,,,,,0,0,,,,,,,,,,,,,,,,,,
2020-12-30,2020-12-31 08:30,4247,4247,0,4247,4247,0,0,0,0,0,0,0,0,0,0,0,0,0,1941,1941,0,0,0,0,2306,2306,0,1673,,,0.10373963428053865,0.10373963428053865,0,1.0373963428053865,1.0373963428053865,0,,,,,,,,,,,,,0,0,0,,,,,,,,,,,,,,0,0,,,,,,,,,,,,,,,,,,
2020-12-31,2021-01-01 12:30,5112,5112,0,5112,5112,0,0,0,0,0,0,0,0,0,0,,,0,2329,2329,0,,,0,2783,2783,0,865,,,0.12486861559738958,0.12486861559738958,0,1.2486861559738958,1.2486861559738958,0,,,,,,,,,,,,,0,0,0,,,,,,,,,,,,,,0,0,,,,,,,,,,,,,,,,,,
2021-01-01,2021-01-02 08:00,6898,6898,0,6898,6898,0,0,0,0,0,0,0,0,0,0,,,0,3166,3166,0,,,0,3732,3732,0,439,,,0.1684944660388876,0.1684944660388876,0,1.6849446603888758,1.6849446603888758,0,,,,,,,,,,,,,0,0,0,,,,,,,,,,,,,,0,0,,,,,,,,,,,,,,,,,,
2021-01-02,2021-01-03 08:00,7248,7248,0,7248,7248,0,0,0,0,0,0,0,0,0,0,,,0,3516,3516,0,,,0,3732,3732,0,59,,,0.1770437648376134,0.1770437648376134,0,1.770437648376134,1.770437648376134,0,,,,,,,,,,,,,0,0,0,,,,,,,,,,,,,,0,0,,,,,,,,,,,,,,,,,,
2021-01-03,2021-01-04 12:00,8282,8282,0,8282,8282,0,0,0,0,0,0,0,0,0,0,0,0,0,4213,4213,0,0,0,0,4069,4069,0,658,,,0.2023008361458491,0.2023008361458491,0,2.023008361458491,2.023008361458491,0,,,,,,,,,,,,,0,0,0,,,,,,,,,,,,,,0,0,,,,,,,,,,,,,,,,,,
2021-01-04,2021-01-05 12:00,9891,9891,0,9891,9891,0,0,0,0,0,0,0,0,0,0,0,0,0,5435,5435,0,0,0,0,4456,4456,0,1609,,,0.24160318405199147,0.24160318405199147,0,2.416031840519915,2.4160318405199144,0,,,,,,,,,,,,,0,0,0,,,,,,,,,,,,,,0,0,,,,,,,,,,,,,,,,,,
2021-01-05,2021-01-06 11:00,12336,12336,0,12336,12336,0,0,0,0,0,0,0,0,0,0,,,0,7191,7191,0,,,0,5145,5145,0,2445,,,0.30132614280309034,0.30132614280309034,0,3.0132614280309036,3.0132614280309036,0,,,,,,,,,,,,,0,0,0,,,,,,,,,,,,,,0,0,,,,,,,,,,,,,,,,,,
2021-01-06,2021-01-07 11:00,15984,15984,0,15984,15984,0,0,0,0,0,0,0,0,0,0,,,0,9796,9796,0,,,0,6188,6188,0,3648,,,0.39043426285380967,0.39043426285380967,0,3.904342628538097,3.904342628538097,0,,,,,,,,,,,,,0,0,0,,,,,,,,,,,,,,0,0,,,,,,,,,,,,,,,,,,
2021-01-07,2021-01-08 11:00,20792,20792,0,20792,20792,0,0,0,0,0,0,0,0,0,0,2154,2154,0,11833,11833,0,0,0,0,6805,6805,0,4991,,,0.5078772017803059,0.5078772017803059,0,5.07877201780306,5.07877201780306,0,,,,,,,,,,,,,0,0,0,,,,,,,,,,,,,,0,0,,,,,,,,,,,,,,,,,,
2021-01-08,2021-01-09 11:00,25482,25482,0,25482,25482,0,0,0,0,0,0,0,0,0,0,3777,3777,0,14104,14104,0,4,4,0,7597,7597,0,4376,,,0.6224378056832318,0.6224378056832318,0,6.224378056832319,6.224378056832318,0,,,,,,,,,,,,,0,0,0,,,,,,,,,,,,,,0,0,,,,,,,,,,,,,,,,,,
2021-01-10,2021-01-11 11:00,29994,29994,0,29994,29994,0,0,0,0,0,0,0,0,0,0,3852,3852,0,16859,16859,0,5,5,0,9278,9278,0,1866,,,0.7326504804828058,0.7326504804828058,0,7.326504804828057,7.326504804828057,0,,,,,,,,,,,,,0,0,0,,,,,,,,,,,,,,0,0,,,,,,,,,,,,,,,,,,
2021-01-11,2021-01-12 11:00,36466,36466,0,36466,36466,0,0,0,0,0,0,0,0,0,0,7095,7095,0,19277,19277,0,9,9,0,10085,10085,0,5947,,,0.8907392285552442,0.8907392285552442,0,8.907392285552442,8.907392285552444,0,,,,,,,,,,,,,0,0,0,,,,,,,,,,,,,,0,0,,,,,,,,,,,,,,,,,,
2021-01-12,2021-01-13 11:00,45326,45326,0,45326,45326,0,0,0,0,0,0,0,0,0,0,10246,10246,0,22730,22730,0,9,9,0,12341,12341,0,8012,,,1.1071586210029891,1.1071586210029891,0,11.07158621002989,11.07158621002989,0,,,,,,,,,,,,,0,0,0,,,,,,,,,,,,,,0,0,,,,,,,,,,,,,,,,,,
2021-01-13,2021-01-14 11:00,54189,54189,0,54189,54189,0,0,0,0,0,0,0,0,0,0,14321,14321,0,25773,25773,0,10,10,0,14084,14084,0,8109,,,1.323651293154723,1.323651293154723,0,13.23651293154723,13.23651293154723,0,,,,,,,,,,,,,0,0,0,,,,,,,,,,,,,,0,0,,,,,,,,,,,,,,,,,,
2021-01-14,2021-01-15 11:00,64219,64219,0,64219,64219,0,0,0,0,0,0,0,0,0,0,17781,17781,0,30548,30548,0,16,16,0,15874,15874,0,9154,,,1.5686497701582085,1.5686497701582085,0,15.686497701582084,15.686497701582084,0,,,,,,,,,,,,,0,0,0,,,,,,,,,,,,,,0,0,,,,,,,,,,,,,,,,,,
2021-01-15,2021-01-16 11:00,73749,73749,0,73749,73749,0,0,0,0,0,0,0,0,0,0,22896,22896,0,33721,33721,0,20,20,0,17121,17121,0,9270,,,1.801434963163514,1.801434963163514,0,18.01434963163514,18.01434963163514,0,,,,,,,,,,,,,0,0,0,,,,,,,,,,,,,,0,0,,,,,,,,,,,,,,,,,,
2021-01-17,2021-01-18 11:00,83160,82810,350,82255,81905,350,905,905,0,0,0,0,0,0,0,24876,24876,0,38025,37867,158,19,19,0,20240,20048,192,,2879,350,2.031313394577253,2.0227640957785273,0.008549298798725813,20.31313394577253,20.227640957785272,0.08549298798725813,,,,,,,,,,,,,0,0,0,,,,,,,,,,,,,,0,0,,,,,,,,,,,,,,,,,,
2021-01-18,2021-01-19 14:00,92619,91423,1196,90325,89129,1196,2294,2294,0,0,0,0,0,0,0,30312,30312,0,40739,40099,640,25,25,0,21542,20986,556,,7496,,2.2623643012548174,2.2331501259311715,0.02921417532364592,22.623643012548172,22.331501259311715,0.2921417532364592,,,,,,,,,,,,,0,0,0,,,,,,,,,,,,,,0,0,,,,,,,,,,,,,,,,,,
2021-01-19,2021-01-20 10:00,101208,99282,1926,98211,96285,1926,2997,2997,0,0,0,0,0,0,0,33946,33946,0,43484,42844,640,42,41,1,23412,22451,961,,6609,730,2.4721640937755485,2.42511852381456,0.047045569960988326,24.721640937755488,24.251185238145602,0.47045569960988326,,,,,,,,,,,,,0,0,0,,,,,,,,,,,,,,0,0,,,,,,,,,,,,,,,,,,
2021-01-20,2021-01-21 10:00,106951,104589,2362,103844,101482,2362,3107,3107,0,0,0,0,0,0,0,37831,37831,0,45158,43963,1195,52,51,1,23911,22744,1167,,4724,436,2.612445873778641,2.55475032017124,0.05769555360740106,26.124458737786412,25.5475032017124,0.5769555360740105,,,,,,,,,,,,,0,0,0,,,,,,,,,,,,,,0,0,,,,,,,,,,,,,,,,,,
2021-01-21,2021-01-22 10:00,115639,112411,3228,112029,108801,3228,3610,3610,0,0,0,0,0,0,0,41365,41365,0,48187,46600,1587,54,54,0,26033,24392,1641,,5946,636,2.8246638965310122,2.7458149350387635,0.07884896149224835,28.246638965310122,27.458149350387636,0.7884896149224835,,,,,,,,,,,,,0,0,0,,,,,,,,,,,,,,0,0,,,,,,,,,,,,,,,,,,
2021-01-22,2021-01-23 10:00,121130,117050,4080,118824,114744,4080,3665,3665,0,0,0,0,0,0,0,44934,44934,0,48792,46769,2023,54,54,0,27350,25293,2057,,6209,249,2.958790181399022,2.8591297839738754,0.09966039742514661,29.587901813990218,28.591297839738754,0.9966039742514662,,,,,,,,,,,,,0,0,0,,,,,,,,,,,,,,0,0,,,,,,,,,,,,,,,,,,
2021-01-24,2021-01-25 10:00,125693,121505,4188,123387,119199,4188,3739,3739,0,0,0,0,0,0,0,45140,45138,2,50119,47992,2127,63,61,2,28678,26621,2057,,0,0,3.0702486111664102,2.9679501443976566,0.10229846676875344,30.7024861116641,29.679501443976566,1.0229846676875343,,,,,,,,,,,,,0,0,0,,,,,,,,,,,,,,0,0,,,,,,,,,,,,,,,,,,
2021-01-25,2021-01-26 10:00,134151,129595,4556,130368,125812,4556,3783,3783,0,0,0,0,0,0,0,48324,48321,3,53233,50739,2494,70,68,2,30848,28791,2057,,4867,367,3.2768485232796185,3.1655610794882048,0.11128744379141373,32.76848523279619,31.655610794882048,1.112874437914137,,,,,,,,,,,,,0,0,0,,,,,,,,,,,,,,0,0,,,,,,,,,,,,,,,,,,
2021-01-26,2021-01-27 10:00,139626,134587,5039,135821,130782,5039,3805,3805,0,0,0,0,0,0,0,51779,51774,5,54779,51852,2927,84,77,7,31324,29224,2100,,4736,637,3.4105839830596865,3.2874985069260316,0.12308547613365534,34.105839830596864,32.87498506926031,1.2308547613365535,,,,,,,,,,,,,0,0,0,,,,,,,,,,,,,,0,0,,,,,,,,,,,,,,,,,,
2021-01-27,2021-01-28 10:00,142977,136803,6174,139172,132998,6174,3805,3805,0,0,0,0,0,0,0,51784,51767,17,56800,52923,3877,92,84,8,32578,30306,2272,,849,931,3.4924374124154873,3.341627781605964,0.15080963080952334,34.92437412415487,33.41627781605964,1.5080963080952334,,,,,,,,,,,,,0,0,0,,,,,,,,,,,,,,0,0,,,,,,,,,,,,,,,,,,
2021-01-28,2021-01-29 10:00,149099,138322,10777,145294,134517,10777,3805,3805,0,0,0,0,0,0,0,54492,52012,2480,60628,55093,5535,97,84,13,33882,31133,2749,,969,4368,3.6419768616891997,3.378731738392434,0.26324512329676597,36.419768616892,33.78731738392434,2.6324512329676595,,,,,,,,,,,,,0,0,0,,,,,,,,,,,,,,0,0,,,,,,,,,,,,,,,,,,
2021-01-29,2021-01-30 10:00,154950,139931,15019,151145,136126,15019,3805,3805,0,0,0,0,0,0,0,56333,52078,4255,63522,55866,7656,101,86,15,34994,31901,3093,,1148,3761,3.784896711035899,3.4180340862985763,0.3668626247373228,37.84896711035899,34.18034086298576,3.668626247373228,,,,,,,,,,,,,0,0,0,,,,,,,,,,,,,,0,0,,,,,,,,,,,,,,,,,,
2021-01-31,2021-02-01 10:00,159127,141500,17627,155322,137695,17627,3805,3805,0,0,0,0,0,0,0,56408,52078,4330,65943,56599,9344,100,85,15,36676,32738,3938,,541,803,3.8869264855566925,3.456359371484864,0.4305671140718283,38.869264855566925,34.56359371484864,4.305671140718283,,,,,,,,,,,,,0,0,0,,,,,,,,,,,,,,0,0,,,,,,,,,,,,,,,,,,
2021-02-01,2021-02-02 10:00,166064,142618,23446,162259,138813,23446,3805,3805,0,0,0,0,0,0,0,59877,52120,7757,68405,57179,11226,108,86,22,37674,33233,4441,,71,5748,4.056373587747438,3.483668274504794,0.572705313242644,40.56373587747438,34.83668274504794,5.72705313242644,,,,,,,,,,,,,0,0,0,,,,,,,,,,,,,,0,0,,,,,,,,,,,,,,,,,,
2021-02-02,2021-02-03 10:00,172753,143381,29372,168948,139576,29372,3805,3805,0,0,0,0,0,0,0,63399,52153,11246,70865,57818,13047,117,87,30,38372,33323,5049,,450,5752,4.219762901075087,3.5023057458860163,0.7174571551890702,42.197629010750866,35.023057458860166,7.174571551890702,,,,,,,,,,,,,0,0,0,,,,,,,,,,,,,,0,0,,,,,,,,,,,,,,,,,,
2021-02-03,2021-02-04 10:00,180082,144075,36007,176277,140270,36007,3805,3805,0,0,0,0,0,0,0,67142,52279,14863,73081,58140,14941,127,89,38,39732,33567,6165,,511,6562,4.398785217920405,3.51925778407549,0.8795274338449153,43.98785217920405,35.1925778407549,8.795274338449152,,,,,,,,,,,,,0,0,0,,,,,,,,,,,,,,0,0,,,,,,,,,,,,,,,,,,
2021-02-04,2021-02-05 10:00,187642,144633,43009,183837,140828,43009,3805,3805,0,0,0,0,0,0,0,70622,52395,18227,75704,58302,17402,132,93,39,41184,33843,7341,,754,6214,4.583450071972883,3.5328878090174585,1.050562262955424,45.83450071972882,35.328878090174584,10.505622629554242,,,,,,,,,,,,,0,0,0,,,,,,,,,,,,,,0,0,,,,,,,,,,,,,,,,,,
2021-02-05,2021-02-06 10:00,195213,145593,49620,191408,141788,49620,3805,3805,0,0,0,0,0,0,0,74149,52459,21690,78394,58769,19625,129,90,39,42541,34275,8266,,769,6187,4.76838361827332,3.5563373142939634,1.2120463039793565,47.6838361827332,35.56337314293963,12.120463039793567,,,,,,,,,,,,,0,0,0,,,,,,,,,,,,,,0,0,,,,,,,,,,,,,,,,,,
2021-02-07,2021-02-08 11:00,201075,146797,54278,197270,142992,54278,3805,3805,0,0,0,0,0,0,0,74424,52463,21961,81196,59253,21943,127,88,39,45328,34993,10335,,737,1767,4.911572159867979,3.5857469021615804,1.325825257706399,49.11572159867979,35.857469021615806,13.25825257706399,,,,,,,,,,,,,0,0,0,,,,,,,,,,,,,,0,0,,,,,,,,,,,,,,,,,,
2021-02-08,2021-02-09 10:00,207606,147008,60598,203686,143088,60598,3920,3920,0,0,0,0,0,0,0,77621,52473,25148,83606,59504,24102,130,88,42,46249,34943,11306,,318,6149,5.071102075452203,3.590900908008812,1.4802011674433908,50.71102075452203,35.90900908008812,14.802011674433908,,,,,,,,,,,,,0,0,0,,,,,,,,,,,,,,0,0,,,,,,,,,,,,,,,,,,
2021-02-09,2021-02-10 10:00,216076,147196,68880,212156,143276,68880,3920,3920,0,0,0,0,0,0,0,81026,52495,28531,86984,59656,27328,135,89,46,47931,34956,12975,,145,7486,5.2779951063813675,3.595493102792128,1.68250200358924,52.77995106381368,35.954931027921276,16.8250200358924,,,,,,,,,,,,,0,0,0,,,,,,,,,,,,,,0,0,,,,,,,,,,,,,,,,,,
2021-02-10,2021-02-11 10:00,224702,148262,76440,220782,144342,76440,3920,3920,0,0,0,0,0,0,0,84626,52512,32114,89972,60209,29763,144,94,50,49960,35447,14513,,218,7528,5.488698681917964,3.6215318242762464,1.8671668576417173,54.88698681917964,36.21531824276247,18.671668576417176,,,,,,,,,,,,,0,0,0,,,,,,,,,,,,,,0,0,,,,,,,,,,,,,,,,,,
2021-02-11,2021-02-12 10:00,233375,148869,84506,228896,144623,84273,4479,4246,233,0,0,0,0,0,0,88022,52524,35498,93921,60758,33163,152,95,57,51280,35492,15788,,409,7961,5.70055030615039,3.6363587510500373,2.064191555100353,57.0055030615039,36.36358751050037,20.641915551003528,,,,,,,,,,,,,0,0,0,,,,,,,,,,,,,,0,0,,,,,,,,,,,,,,,,,,
2021-02-12,2021-02-13 08:00,243224,149368,93856,237046,144874,92172,6178,4494,1684,0,0,0,0,0,0,93066,52543,40523,97832,61215,36617,165,97,68,52161,35513,16648,,390,8667,5.941127574346535,3.64854760848022,2.292579965866314,59.411275743465346,36.48547608480221,22.925799658663138,,,,,,,,,,,,,0,0,0,,,,,,,,,,,,,,0,0,,,,,,,,,,,,,,,,,,
2021-02-14,2021-02-15 08:00,252018,151170,100848,243396,145026,98370,6978,4500,2478,1644,1644,0,0,0,0,95084,52565,42519,103144,62954,40190,166,97,69,53624,35554,18070,,710,1828,6.155934813306519,3.6925642840096606,2.463370529296859,61.55934813306519,36.9256428400966,24.633705292968592,,,,,,,,,,,,,0,0,0,,,,,,,,,,,,,,0,0,,,,,,,,,,,,,,,,,,
2021-02-15,2021-02-16 08:00,259628,152862,106766,249476,145188,104288,6978,4500,2478,3174,3174,0,0,0,0,98960,52624,46336,106339,64582,41757,173,97,76,54156,35559,18597,,1657,5901,6.341820995758815,3.7338940370595006,2.6079269586993146,63.41820995758815,37.338940370595004,26.079269586993146,,,,,,,,,,,,,0,0,0,,,,,,,,,,,,,,0,0,,,,,,,,,,,,,,,,,,
2021-02-16,2021-02-17 10:00,268429,155134,113295,255894,145409,110485,7325,4515,2810,5210,5210,0,0,0,0,102504,52695,49809,110451,66752,43699,173,97,76,55301,35590,19711,,2222,6083,6.556799220694774,3.789391199547229,2.7674080211475456,65.56799220694775,37.893911995472294,27.674080211475456,,,,,,,,,,,,,0,0,0,,,,,,,,,,,,,,0,0,,,,,,,,,,,,,,,,,,
2021-02-17,2021-02-18 08:00,278663,162362,116301,264803,151312,113491,7325,4515,2810,6535,6535,0,0,0,0,108105,57732,50373,113929,68908,45021,176,98,78,56453,35624,20829,,7087,2698,6.806780717569517,3.9659464330249152,2.840834284544602,68.06780717569518,39.65946433024915,28.408342845446022,,,,,,,,,,,,,0,0,0,,,,,,,,,,,,,,0,0,,,,,,,,,,,,,,,,,,
2021-02-18,2021-02-19 08:00,288986,168894,120092,273404,156272,117132,7774,4814,2960,7808,7808,0,0,0,0,112858,61991,50867,117770,71087,46683,185,104,81,58173,35712,22461,,6247,2866,7.058936178995936,4.1255007751771355,2.933435403818801,70.58936178995936,41.25500775177135,29.334354038188007,,,,,,,,,,,,,0,0,0,,,,,,,,,,,,,,0,0,,,,,,,,,,,,,,,,,,
2021-02-19,2021-02-20 08:00,296990,173803,123187,279666,159784,119882,7842,4537,3305,9482,9482,0,0,0,0,116237,65009,51228,121253,72949,48304,187,105,82,59313,35740,23573,,5171,2735,7.254446429238797,4.245410797471264,3.0090356317675333,72.54446429238797,42.45410797471264,30.090356317675333,,,,,,,,,,,,,0,0,0,,,,,,,,,,,,,,0,0,,,,,,,,,,,,,,,,,,
2021-02-21,2021-02-22 08:00,303942,175309,128633,285475,160147,125328,7842,4537,3305,10625,10625,0,0,0,0,116576,65270,51306,125021,74161,50860,189,106,83,62156,35772,26384,,345,1762,7.424259929949488,4.282197208873781,3.1420627210757073,74.24259929949488,42.821972088737816,31.42062721075707,,,,,,,,,,,,,0,0,0,,,,,,,,,,,,,,0,0,,,,,,,,,,,,,,,,,,
2021-02-22,2021-02-23 08:00,312869,180953,131916,291852,163667,128185,8268,4537,3731,12749,12749,0,0,0,0,119976,68302,51674,129305,76635,52670,193,107,86,63395,35909,27486,,5282,2947,7.64231590245299,4.420060758645234,3.2222551438077547,76.4231590245299,44.20060758645234,32.22255143807755,,,,,,,,,,,,,0,0,0,,,,,,,,,,,,,,0,0,,,,,,,,,,,,,,,,,,
2021-02-23,2021-02-24 08:00,321080,187044,134036,297723,167418,130305,8268,4537,3731,15089,15089,0,0,0,0,123362,71561,51801,132904,79206,53698,339,252,87,64475,36025,28450,,5568,1544,7.8428824522710965,4.568842984311059,3.2740394679600375,78.42882452271097,45.6884298431106,32.74039467960037,,,,,,,,,,,,,0,0,0,,,,,,,,,,,,,,0,0,,,,,,,,,,,,,,,,,,
2021-02-24,2021-02-25 08:00,327950,192263,135687,302477,170521,131956,8268,4537,3731,17205,17205,0,0,0,0,126212,74279,51933,136225,81657,54568,337,255,82,65176,36072,29104,,4908,1528,8.010692974406087,4.696325242684059,3.314367731722027,80.10692974406086,46.9632524268406,33.143677317220266,,,,,,,,,,,,,0,0,0,,,,,,,,,,,,,,0,0,,,,,,,,,,,,,,,,,,
2021-02-25,2021-02-26 10:00,335503,198884,136619,305498,172610,132888,8268,4537,3731,21737,21737,0,0,0,0,128158,76099,52059,140911,85848,55063,1272,1187,85,65162,35750,29412,,6048,929,8.19518684248259,4.8580535493879555,3.3371332930946336,81.95186842482589,48.58053549387956,33.37133293094634,,,,,,,,,,,,,0,0,0,,,,,,,,,,,,,,0,0,,,,,,,,,,,,,,,,,,
2021-02-26,2021-02-27 08:00,341935,203526,138409,307826,173148,134678,8267,4536,3731,25842,25842,0,0,0,0,128579,76396,52183,146021,90022,55999,1331,1243,88,66004,35865,30139,,3590,1286,8.352298527835174,4.971441678027056,3.380856849808117,83.52298527835174,49.71441678027056,33.80856849808117,,,,,,,,,,,,,0,0,0,,,,,,,,,,,,,,0,0,,,,,,,,,,,,,,,,,,
2021-02-28,2021-03-01 08:00,345862,205882,139980,309606,173357,136249,8267,4536,3731,27989,27989,0,0,0,0,128668,76484,52184,148640,91949,56691,1661,1573,88,66893,35876,31017,,550,485,8.448221660356877,5.028990672226479,3.4192309881303977,84.48221660356877,50.289906722264796,34.19230988130398,,,,,,,,,,,,,0,0,0,,,,,,,,,,,,,,0,0,,,,,,,,,,,,,,,,,,
2021-03-01,2021-03-02 08:00,359102,218951,140151,316668,180248,136420,8267,4536,3731,34167,34167,0,0,0,0,135076,82852,52224,154355,97534,56821,2745,2657,88,66926,35908,31018,,9744,148,8.771629420628676,5.348221489370901,3.4234079312577754,87.71629420628676,53.48221489370901,34.234079312577755,,,,,,,,,,,,,0,0,0,,,,,,,,,,,,,,0,0,,,,,,,,,,,,,,,,,,
2021-03-02,2021-03-03 10:00,370744,230397,140347,323217,186601,136616,8267,4536,3731,39260,39260,0,0,0,0,141321,89069,52252,159548,102589,56959,2920,2831,89,66955,35908,31047,,10528,190,9.056003525242293,5.627807986657231,3.428195538585062,90.56003525242294,56.27807986657231,34.281955385850615,,,,,,,,,,,,,0,0,0,,,,,,,,,,,,,,0,0,,,,,,,,,,,,,,,,,,
2021-03-03,2021-03-04 08:00,380545,239974,140571,327140,190300,136840,8267,4536,3731,45138,45138,0,0,0,0,144698,92431,52267,165518,108418,57100,3245,3155,90,67084,35970,31114,,9540,219,9.295408318174612,5.861741228358366,3.4336670898162462,92.95408318174613,58.61741228358366,34.33667089816246,,,,,,,,,,,,,0,0,0,,,,,,,,,,,,,,0,0,,,,,,,,,,,,,,,,,,
2021-03-04,2021-03-05 08:00,391488,250557,140931,329238,192038,137200,8267,4536,3731,53983,53983,0,0,0,0,146304,94019,52285,174011,116728,57283,3892,3802,90,67281,36008,31273,,10452,354,9.562708251758774,6.120247597463838,3.4424606542949356,95.62708251758774,61.20247597463838,34.424606542949356,,,,,,,,,,,,,0,0,0,,,,,,,,,,,,,,0,0,,,,,,,,,,,,,,,,,,
2021-03-05,2021-03-06 08:00,404146,262520,141626,331218,193323,137895,8274,4543,3731,64654,64654,0,0,0,0,147373,95066,52307,184648,126984,57664,4521,4431,90,67604,36039,31565,,10943,596,9.871899749456691,6.412462630404287,3.4594371190524056,98.71899749456692,64.12462630404286,34.59437119052406,,,,,,,,,,,,,0,0,0,,,,,,,,,,,,,,0,0,,,,,,,,,,,,,,,,,,
2021-03-07,2021-03-08 08:00,409353,267383,141970,331986,193749,138237,8276,4543,3733,69091,69091,0,0,0,0,147576,95254,52322,188695,130833,57862,5340,5250,90,67742,36046,31696,,777,37,9.999088889013736,6.531249030570582,3.467839858443153,99.99088889013736,65.31249030570582,34.678398584431534,,,,,,,,,,,,,0,0,0,,,,,,,,,,,,,,0,0,,,,,,,,,,,,,,,,,,
2021-03-08,2021-03-09 08:00,421350,278497,142853,338223,199103,139120,8276,4543,3733,74851,74851,0,0,0,0,152758,100416,52342,194671,136488,58183,5569,5476,93,68352,36117,32235,,9994,126,10.29213442526606,6.802725907282121,3.4894085179839385,102.9213442526606,68.02725907282122,34.89408517983939,,,,,,,,,,,,,0,0,0,,,,,,,,,,,,,,0,0,,,,,,,,,,,,,,,,,,
2021-03-09,2021-03-10 08:00,433083,289934,143149,343932,204631,139301,8391,4543,3848,80760,80760,0,0,0,0,158108,105693,52415,200578,142181,58397,6013,5920,93,68384,36140,32244,,11350,171,10.578731347567345,7.0820925654564855,3.4966387821108604,105.78731347567346,70.82092565456485,34.96638782110861,,,,,,,,,,,,,0,0,0,,,,,,,,,,,,,,0,0,,,,,,,,,,,,,,,,,,
2021-03-10,2021-03-11 08:00,445361,302015,143346,347763,208265,139498,8391,4543,3848,89207,89207,0,0,0,0,161596,109090,52506,208624,150121,58503,6687,6594,93,68454,36210,32244,,13424,192,10.878640749426648,7.377189933420504,3.5014508160061437,108.78640749426647,73.77189933420503,35.01450816006144,,,,,,,,,,,,,0,0,0,,,,,,,,,,,,,,0,0,,,,,,,,,,,,,,,,,,
2021-03-11,2021-03-12 08:00,459612,316025,143587,350854,211115,139739,8391,4543,3848,100367,100367,0,0,0,0,163635,111016,52619,219796,161210,58586,7443,7346,97,68738,36453,32285,,13084,184,11.226743769942766,7.7194061510495,3.5073376188932666,112.26743769942766,77.194061510495,35.07337618893266,,,,,,,,,,,,,0,0,0,,,,,,,,,,,,,,0,0,,,,,,,,,,,,,,,,,,
2021-03-12,2021-03-13 08:00,472894,329055,143839,353494,213540,139954,8458,4573,3885,110942,110942,0,0,0,0,165619,112869,52750,230683,171980,58703,7783,7686,97,68809,36520,32289,,12333,242,11.551177446070412,8.037684332042064,3.513493114028349,115.51177446070413,80.37684332042063,35.13493114028349,,,,,,,,,,,,,0,0,0,,,,,,,,,,,,,,0,0,,,,,,,,,,,,,,,,,,
2021-03-14,2021-03-15 08:00,479515,335544,143971,354196,214110,140086,8458,4573,3885,116861,116861,0,0,0,0,166174,113297,52877,236549,177842,58707,7907,7810,97,68885,36595,32290,,293,0,11.712905752774308,8.19618833177044,3.5167174210038685,117.12905752774309,81.9618833177044,35.16717421003868,,,,,,,,,,,,,0,0,0,,,,,,,,,,,,,,0,0,,,,,,,,,,,,,,,,,,
2021-03-15,2021-03-16 08:00,494287,349682,144605,361637,221462,140175,9582,5152,4430,123068,123068,0,0,0,0,172083,119165,52918,243959,184660,59299,9165,9068,97,69080,36789,32291,,13335,88,12.073735015216531,8.54153115010297,3.5322038651135603,120.7373501521653,85.4153115010297,35.32203865113561,,,,,,,,,,,,,0,0,0,,,,,,,,,,,,,,0,0,,,,,,,,,,,,,,,,,,
2021-03-16,2021-03-17 08:00,502256,357518,144738,368588,228280,140308,10348,5918,4430,123320,123320,0,0,0,0,176707,123721,52986,246595,187242,59353,9844,9743,101,69110,36812,32298,,7382,129,12.26839033557952,8.732937736922443,3.535452598657076,122.6839033557952,87.32937736922443,35.35452598657076,,,,,,,,,,,,,0,0,0,,,,,,,,,,,,,,0,0,,,,,,,,,,,,,,,,,,
2021-03-17,2021-03-18 08:00,516577,367441,149136,381818,237112,144706,11438,7008,4430,123321,123321,0,0,0,0,185766,129056,56710,250815,190846,59969,10682,10580,102,69314,36959,32355,,9714,4384,12.618203215855383,8.975322571150318,3.642880644705065,126.18203215855382,89.75322571150318,36.428806447050654,,,,,,,,,,,,,0,0,0,,,,,,,,,,,,,,0,0,,,,,,,,,,,,,,,,,,
2021-03-18,2021-03-19 08:00,530296,377584,152712,393542,245260,148282,12375,7945,4430,124379,124379,0,0,0,0,193562,133887,59675,255349,194854,60495,11800,11691,109,69585,37152,32433,,8784,3562,12.953311302197438,9.223081250337392,3.7302300518600466,129.53311302197437,92.23081250337393,37.30230051860047,,,,,,,,,,,,,0,0,0,,,,,,,,,,,,,,0,0,,,,,,,,,,,,,,,,,,
2021-03-19,2021-03-20 08:00,541630,385904,155726,402872,251596,151276,14170,9720,4450,124588,124588,0,0,0,0,199661,137377,62284,259286,198400,60886,12926,12817,109,69757,37310,32447,,7929,3008,13.230162023868177,9.426310296067102,3.803851727801074,132.30162023868178,94.26310296067103,38.03851727801074,,,,,,,,,,,,,0,0,0,,,,,,,,,,,,,,0,0,,,,,,,,,,,,,,,,,,
2021-03-21,2021-03-22 08:00,551402,395392,156010,408131,256571,151560,18414,13964,4450,124857,124857,0,0,0,0,202727,140193,62534,264147,203234,60913,14108,13999,109,70420,37966,32454,,2818,0,13.468858446328602,9.658069573216562,3.81078887311204,134.68858446328602,96.58069573216561,38.1078887311204,,,,,,,,,,,,,0,0,0,,,,,,,,,,,,,,0,0,,,,,,,,,,,,,,,,,,
2021-03-22,2021-03-23 08:00,565357,406409,158948,418879,264381,154498,20192,15742,4450,126286,126286,0,0,0,0,211275,146145,65130,268710,207462,61248,14904,14793,111,70467,38009,32458,,9976,2933,13.809731202717797,9.927177072832453,3.882554129885344,138.09731202717796,99.27177072832454,38.825541298853445,,,,,,,,,,,,,0,0,0,,,,,,,,,,,,,,0,0,,,,,,,,,,,,,,,,,,
2021-03-23,2021-03-24 08:00,603406,433261,170145,450298,284321,165977,25161,20994,4167,127947,127946,1,0,0,0,290402,190148,100254,262782,203135,59647,15038,14339,699,78586,45640,32946,,8689,2449,14.73913768841128,10.583079276670698,4.156058411740581,147.3913768841128,105.83079276670698,41.56058411740581,,,,,,,,,,,,,0,0,0,,,,,,,,,,,,,,0,0,,,,,,,,,,,,,,,,,,
2021-03-24,2021-03-25 08:00,616516,443982,172534,461079,292824,168255,26569,22337,4232,128868,128821,47,0,0,0,298158,195874,102284,266319,206317,60002,15744,15044,700,79524,46548,32976,,8391,2227,15.059369994843552,10.844956512159667,4.214413482683884,150.59369994843553,108.44956512159668,42.14413482683884,,,,,,,,,,,,,0,0,0,,,,,,,,,,,,,,0,0,,,,,,,,,,,,,,,,,,
2021-03-25,2021-03-26 08:00,631794,457330,174464,473117,303386,169731,29217,24531,4686,129460,129413,47,0,0,0,305134,201537,103597,272004,211424,60580,17177,16464,713,79974,46978,32996,,12179,1430,15.43255910069193,11.171002341775074,4.261556758916858,154.32559100691932,111.71002341775073,42.61556758916858,,,,,,,,,,,,,0,0,0,,,,,,,,,,,,,,0,0,,,,,,,,,,,,,,,,,,
2021-03-26,2021-03-27 08:00,646422,470688,175734,484908,314022,170886,30987,26188,4799,130527,130478,49,0,0,0,310647,206103,104544,276859,215993,60866,19332,18618,714,80618,47565,33053,,12177,1055,15.789870937342677,11.497292437070444,4.292578500272234,157.89870937342678,114.97292437070443,42.92578500272234,,,,,,,,,,,,,0,0,0,,,,,,,,,,,,,,0,0,,,,,,,,,,,,,,,,,,
2021-03-28,2021-03-29 08:00,654568,478818,175750,491378,320476,170902,31991,27192,4799,131199,131150,49,0,0,0,313256,208698,104558,279322,218454,60868,20949,20235,714,80699,47646,33053,,2243,0,15.988849760241022,11.695880434880845,4.2929693253601755,159.8884976024102,116.95880434880846,42.929693253601755,,,,,,,,,,,,,0,0,0,,,,,,,,,,,,,,0,0,,,,,,,,,,,,,,,,,,
2021-03-29,2021-03-30 08:00,676022,493446,182576,510966,333239,177727,32806,28006,4800,132250,132201,49,0,0,0,326101,215205,110896,283950,222619,61331,23145,22425,720,81258,48177,33081,,13283,6774,16.51289735003492,12.053192271531591,4.459705078503325,165.1289735003492,120.53192271531593,44.597050785033254,,,,,,,,,,,,,0,0,0,,,,,,,,,,,,,,0,0,,,,,,,,,,,,,,,,,,
2021-03-30,2021-03-31 08:00,662651,485363,177288,502022,329355,172667,30263,25714,4549,130366,130294,72,0,0,0,318089,210382,107707,278126,218562,59564,24550,23853,697,79448,46992,32456,,13467,5842,16.186289709355595,11.855752322417018,4.330537386938577,161.86289709355594,118.55752322417018,43.30537386938577,,,,,,,,,,,,,0,0,0,,,,,,,,,,,,,,0,0,,,,,,,,,,,,,,,,,,
2021-03-31,2021-04-01 08:00,681980,500800,181180,518422,341867,176555,32028,27478,4550,131530,131455,75,0,0,0,329093,217822,111271,281806,221883,59923,27272,26563,709,79972,47432,32540,,13938,3761,16.658430842157227,12.23282525257682,4.425605589580408,166.58430842157227,122.32825252576819,44.256055895804074,,,,,,,,,,,,,0,0,0,,,,,,,,,,,,,,0,0,,,,,,,,,,,,,,,,,,
2021-04-02,2021-04-03 08:00,709759,525354,184405,539877,360101,179776,35513,30962,4551,134369,134291,78,0,0,0,342730,228532,114198,287101,226928,60173,32010,31293,717,80633,48016,32617,,9653,636,17.336976474528097,12.83259520315943,4.504381271368667,173.36976474528097,128.3259520315943,45.04381271368667,,,,,,,,,,,,,0,0,0,,,,,,,,,,,,,,0,0,,,,,,,,,,,,,,,,,,
2021-04-05,2021-04-06 08:00,728377,540318,188059,554732,371305,183427,37849,33296,4553,135796,135717,79,0,0,0,352320,234603,117717,289738,229445,60293,35360,34634,726,80731,48091,32640,,8782,3449,17.79175031748432,13.198114366656952,4.593635950827365,177.91750317484318,131.98114366656952,45.93635950827365,,,,,,,,,,,,,0,0,0,,,,,,,,,,,,,,0,0,,,,,,,,,,,,,,,,,,
2021-04-06,2021-04-07 08:00,749175,554729,194446,570373,380568,189805,38707,34151,4556,140095,140010,85,0,0,0,363426,239778,123648,293397,232813,60584,38593,37849,744,81397,48584,32813,,12129,6101,18.299774078672602,13.55012563805249,4.7496484406201125,182.997740786726,135.5012563805249,47.49648440620113,,,,,,,,,,,,,0,0,0,,,,,,,,,,,,,,0,0,,,,,,,,,,,,,,,,,,
2021-04-07,2021-04-08 08:00,784489,584695,199794,598355,403210,195145,39645,35086,4559,146489,146399,90,0,0,0,,,,,,,,,,,,,,,,19.16237390089604,14.282092174631398,4.880281726264643,191.6237390089604,142.82092174631396,48.80281726264643,769275,569503,199772,583141,388018,195123,39645,35086,4559,146489,146399,90,0,0,0,15214,15192,22,15214,15192,22,0,0,0,0,0,0,0,0,0,296333,243214,53119,292375,239258,53117,3958,3956,2,488156,341481,146675,476900,330245,146655,11256,11236,20
2021-04-08,2021-04-09 08:00,819412,616200,203212,625680,427120,198560,40053,35493,4560,153679,153587,92,0,0,0,,,,,,,,,,,,,,,,20.015422935032902,15.051651199356703,4.9637717356761994,200.15422935032902,150.516511993567,49.637717356761996,788666,585510,203156,594934,396430,198504,40053,35493,4560,153679,153587,92,0,0,0,30746,30690,56,30746,30690,56,0,0,0,0,0,0,0,0,0,304472,251243,53229,296579,243365,53214,7893,7878,15,514514,364531,149983,492087,342145,149942,22427,22386,41
2021-04-09,2021-04-10 08:00,849421,643618,205803,645118,443991,201127,40164,35603,4561,164139,164024,115,0,0,0,,,,,,,,,,,,,,,,20.748439814035653,15.721378840680886,5.027060973354767,207.48439814035652,157.21378840680885,50.270609733547666,807880,602152,205728,603577,402525,201052,40164,35603,4561,164139,164024,115,0,0,0,41541,41466,75,41541,41466,75,0,0,0,0,0,0,0,0,0,311091,257570,53521,300212,246714,53498,10879,10856,23,537904,385622,152282,507668,355438,152230,30236,30184,52
2021-04-11,2021-04-12 08:00,864229,657963,206266,648743,447157,201586,40758,36195,4563,174728,174611,117,0,0,0,,,,,,,,,,,,,,,,21.110148432925744,16.07177795858866,5.038370474337081,211.10148432925743,160.71777958588663,50.383704743370814,821063,614875,206188,605577,404069,201508,40758,36195,4563,174728,174611,117,0,0,0,43166,43088,78,43166,43088,78,0,0,0,0,0,0,0,0,0,312775,259207,53568,301253,247708,53545,11522,11499,23,551028,398330,152698,519810,367167,152643,31218,31163,55
2021-04-12,2021-04-13 08:00,890050,677220,212830,666324,458289,208035,41381,36705,4676,182345,182226,119,0,0,0,,,,,,,,,,,,,,,,21.74086684515974,16.542160378494554,5.198706466665185,217.4086684515974,165.42160378494557,51.98706466665185,845112,632366,212746,621391,413440,207951,41376,36700,4676,182345,182226,119,0,0,0,44938,44854,84,44933,44849,84,5,5,0,0,0,0,0,0,0,318152,263737,54415,306101,251711,54390,12051,12026,25,571472,413057,158415,539011,380655,158356,32461,32402,59
2021-04-13,2021-04-14 08:00,922486,703158,219328,692194,477941,214253,42366,37415,4951,187926,187802,124,0,0,0,,,,,,,,,,,,,,,,22.533167004689655,17.175736699184128,5.357430305505528,225.33167004689656,171.75736699184128,53.57430305505529,867445,648226,219219,637158,423014,214144,42361,37410,4951,187926,187802,124,0,0,0,55041,54932,109,55036,54927,109,5,5,0,0,0,0,0,0,0,325480,269678,55802,310824,255057,55767,14656,14621,35,596580,433054,163526,556621,393169,163452,39959,39885,74
2021-04-14,2021-04-15 11:00,962971,735818,227153,728866,507180,221686,43048,37730,5318,191057,190908,149,0,0,0,,,,,,,,,,,,,,,,23.52207661002227,17.97350840994523,5.5485682000770415,235.2207661002227,179.73508409945228,55.48568200077042,889985,662987,226998,655914,434382,221532,43036,37718,5318,191035,190887,148,0,0,0,72986,72831,155,72952,72798,154,12,12,0,22,21,1,0,0,0,335120,277760,57360,315943,258635,57308,19177,19125,52,627425,457632,169793,574042,404352,169690,53383,53280,103
2021-04-15,2021-04-16 08:00,1002279,767866,234413,764342,536218,228124,44245,38123,6122,193692,193525,167,0,0,0,,,,,,,,,,,,,,,,24.48223614482317,18.756331061092556,5.725905083730611,244.82236144823167,187.56331061092556,57.25905083730611,915292,681078,234214,677426,449500,227926,44233,38111,6122,193633,193467,166,0,0,0,86987,86788,199,86916,86718,198,12,12,0,59,58,1,0,0,0,344976,285982,58994,322072,263157,58915,22904,22825,79,656877,481458,175419,593220,417921,175299,63657,63537,120
2021-04-16,2021-04-17 08:00,1033405,793503,239902,790760,558541,232219,45938,38425,7513,196707,196537,170,0,0,0,,,,,,,,,,,,,,,,25.24253750027785,19.382554984815222,5.859982515462629,252.4253750027785,193.82554984815224,58.59982515462628,936407,696736,239671,693833,461844,231989,45926,38413,7513,196648,196479,169,0,0,0,96998,96767,231,96927,96697,230,12,12,0,59,58,1,0,0,0,354597,294156,60441,328489,268140,60349,26108,26016,92,678382,498921,179461,607918,428596,179322,70464,70325,139
2021-04-18,2021-04-19 08:00,1067513,821011,246502,807668,572264,235404,49298,39120,10178,210547,209627,920,0,0,0,,,,,,,,,,,,,,,,26.07567888149768,20.05448101725908,6.021197864238601,260.7567888149768,200.54481017259081,60.21197864238601,969737,723468,246269,709963,474791,235172,49286,39108,10178,210488,209569,919,0,0,0,97776,97543,233,97705,97473,232,12,12,0,59,58,1,0,0,0,365556,302389,63167,339211,276137,63074,26345,26252,93,701531,518196,183335,630526,447331,183195,71005,70865,140
2021-04-19,2021-04-20 08:00,1091655,837477,254178,825171,582978,242193,49748,39301,10447,216736,215198,1538,0,0,0,,,,,,,,,,,,,,,,26.66538508606579,20.456688885887132,6.208696200178656,266.6538508606579,204.56688885887135,62.08696200178656,992135,738367,253768,726073,484287,241786,49736,39289,10447,216326,214791,1535,0,0,0,99520,99110,410,99098,98691,407,12,12,0,410,407,3,0,0,0,373171,308398,64773,346171,281509,64662,27000,26889,111,718058,528653,189405,645964,456858,189106,72094,71795,299
2021-04-20,2021-04-21 08:00,1121984,859955,262029,846177,597622,248555,50718,39622,11096,225089,222711,2378,0,0,0,,,,,,,,,,,,,,,,27.406218466827376,21.005749281309303,6.400469185518073,274.06218466827374,210.05749281309303,64.00469185518074,1012613,751489,261124,741123,493456,247667,50706,39610,11096,220784,218423,2361,0,0,0,109371,108466,905,105054,104166,888,12,12,0,4305,4288,17,0,0,0,385945,318618,67327,356304,289329,66975,29641,29289,352,735613,540911,194702,656309,462160,194149,79304,78751,553
2021-04-21,2021-04-22 08:00,1159870,889010,270860,871749,615716,256033,52009,40175,11834,236112,233119,2993,0,0,0,,,,,,,,,,,,,,,,28.331643421937454,21.715463214443528,6.616180207493924,283.3164342193745,217.15463214443528,66.16180207493925,1034799,765345,269454,758304,503627,254677,51997,40163,11834,224498,221555,2943,0,0,0,125071,123665,1406,113445,112089,1356,12,12,0,11614,11564,50,0,0,0,400687,330671,70016,367001,297438,69563,33686,33233,453,758757,557913,200844,667798,467907,199891,90959,90006,953
2021-04-22,2021-04-23 08:00,1194154,915656,278498,892134,629887,262247,53180,40491,12689,248840,245278,3562,0,0,0,,,,,,,,,,,,,,,,29.16908387912464,22.36633354527452,6.802750333850118,291.6908387912464,223.66333545274523,68.02750333850118,1056867,780223,276644,772773,512282,260491,53168,40479,12689,230926,227462,3464,0,0,0,137287,135433,1854,119361,117605,1756,12,12,0,17914,17816,98,0,0,0,413157,340363,72794,376596,304358,72238,36561,36005,556,780571,574867,205704,680271,475865,204406,100300,99002,1298
2021-04-23,2021-04-24 08:00,1222943,937536,285407,908163,640987,267176,54865,40842,14023,259915,255707,4208,0,0,0,,,,,,,,,,,,,,,,29.872300345171833,22.900786853034866,6.971513492136966,298.72300345171834,229.00786853034867,69.71513492136965,1078020,794863,283157,785138,520080,265058,54853,40830,14023,238029,233953,4076,0,0,0,144923,142673,2250,123025,120907,2118,12,12,0,21886,21754,132,0,0,0,424536,348549,75987,385900,310623,75277,38636,37926,710,797981,588561,209420,692120,484240,207880,105861,104321,1540
2021-04-25,2021-04-26 08:00,1244503,955924,288579,919153,650544,268609,56425,41170,15255,268925,264210,4715,0,0,0,,,,,,,,,,,,,,,,30.398937151173342,23.349942585351926,7.048994565821418,303.98937151173345,233.49942585351926,70.48994565821418,1098821,812534,286287,795856,529403,266453,56413,41158,15255,246552,241973,4579,0,0,0,145682,143390,2292,123297,121141,2156,12,12,0,22373,22237,136,0,0,0,432938,355075,77863,394128,316979,77149,38810,38096,714,811139,600423,210716,704693,495555,209138,106446,104868,1578
2021-04-26,2021-04-27 08:00,1271668,972595,299073,939757,663251,276506,58455,41265,17190,273456,268079,5377,0,0,0,,,,,,,,,,,,,,,,31.062484870794446,23.75715790041923,7.305326970375214,310.62484870794447,237.57157900419233,73.05326970375214,1122688,826053,296635,813675,539459,274216,58437,41247,17190,250576,245347,5229,0,0,0,148980,146542,2438,126082,123792,2290,18,18,0,22880,22732,148,0,0,0,444016,362582,81434,404007,323319,80688,40009,39263,746,827226,609587,217639,718681,502734,215947,108545,106853,1692
2021-04-27,2021-04-28 08:00,1316987,1008635,308352,980031,695877,284154,59913,41506,18407,277043,271252,5791,0,0,0,,,,,,,,,,,,,,,,32.16947250582146,24.63749141100803,7.531981094813434,321.6947250582146,246.37491411008028,75.31981094813433,1146058,840581,305477,832335,550903,281432,59859,41452,18407,253864,248226,5638,0,0,0,170929,168054,2875,147696,144974,2722,54,54,0,23179,23026,153,0,0,0,460539,376428,84111,413325,330145,83180,47214,46283,931,856022,631781,224241,732733,510436,222297,123289,121345,1944
2021-04-28,2021-04-29 11:00,1374144,1055241,318903,1031017,737805,293212,61690,42193,19497,281437,275243,6194,0,0,0,,,,,,,,,,,,,,,,33.56562185278938,25.775916039046358,7.789705813743023,335.65621852789377,257.7591603904636,77.89705813743022,1169659,854768,314891,850101,560744,289357,61593,42096,19497,257965,251928,6037,0,0,0,204485,200473,4012,180916,177061,3855,97,97,0,23472,23315,157,0,0,0,481223,393825,87398,422445,336421,86024,58778,57404,1374,892495,660990,231505,747214,518347,228867,145281,142643,2638
2021-04-29,2021-04-30 08:00,1423151,1091807,331344,1073289,769954,303335,63973,42886,21087,285889,278967,6922,0,0,0,,,,,,,,,,,,,,,,34.76269467058697,26.669097924401235,8.09359674618573,347.62694670586967,266.6909792440124,80.9359674618573,1193872,867506,326366,867898,569381,298517,63862,42775,21087,262112,255350,6762,0,0,0,229279,224301,4978,205391,200573,4818,111,111,0,23777,23617,160,0,0,0,501834,409351,92483,434005,343220,90785,67829,66131,1698,920891,682030,238861,759867,524286,235581,161024,157744,3280
2021-05-02,2021-05-03 08:00,1488697,1134694,354003,1128354,805815,322539,67139,44050,23089,293204,284829,8375,0,0,0,,,,,,,,,,,,,,,,36.36375849647634,27.71668014606111,8.64707835041524,363.63758496476345,277.16680146061105,86.4707835041524,1240672,892943,347729,904575,588129,316446,67028,43939,23089,269069,260875,8194,0,0,0,248025,241751,6274,223779,217686,6093,111,111,0,24135,23954,181,0,0,0,534894,431367,103527,459205,357924,101281,75689,73443,2246,953377,702901,250476,781467,535019,246448,171910,167882,4028
2021-05-03,2021-05-04 08:00,1518387,1149283,369104,1151832,816466,335366,70728,46630,24098,295827,286187,9640,0,0,0,,,,,,,,,,,,,,,,37.088983300288255,28.07303934655999,9.015943953728264,370.8898330028826,280.73039346559995,90.15943953728264,1266003,903463,362540,924695,595705,328990,70596,46498,24098,270712,261260,9452,0,0,0,252384,245820,6564,227137,220761,6376,132,132,0,25115,24927,188,0,0,0,550816,441446,109370,473378,366349,107029,77438,75097,2341,967145,707411,259734,792625,537114,255511,174520,170297,4223
2021-05-04,2021-05-05 08:00,1564649,1178372,386277,1188344,837795,350549,73773,49011,24762,302532,291566,10966,0,0,0,,,,,,,,,,,,,,,,38.21900518893584,28.783583783006094,9.435421405929745,382.1900518893584,287.83583783006094,94.35421405929745,1290405,912394,378011,944387,601874,342513,73641,48879,24762,272377,261641,10736,0,0,0,274244,265978,8266,243957,235921,8036,132,132,0,30155,29925,230,0,0,0,571894,455946,115948,486175,373102,113073,85719,82844,2875,992329,722000,270329,804230,539292,264938,188099,182708,5391
2021-05-05,2021-05-06 08:00,1624562,1219816,404746,1234212,867913,366299,77370,51613,25757,312980,300290,12690,0,0,0,,,,,,,,,,,,,,,,39.682474157301726,29.795918467047215,9.886555690254507,396.82474157301726,297.95918467047215,98.86555690254508,1314931,921323,393608,963362,607887,355475,77225,51470,25755,274344,261966,12378,0,0,0,309631,298493,11138,270850,260026,10824,145,143,2,38636,38324,312,0,0,0,599180,475650,123530,499131,379420,119711,100049,96230,3819,1024956,743740,281216,815800,541903,273897,209156,201837,7319
