date,publication_date,BW,BY,BE,BB,HB,HH,HE,MV,NI,NW,RP,SL,SN,ST,SH,TH,DE
2020-12-27,2020-12-28 16:15,0,0,0,0,0,0,0,0,0,0,0,0,0,0,0,0,0
2020-12-28,2020-12-29 08:00,0,0,0,0,0,0,0,0,0,0,0,0,0,0,0,0,0
2020-12-30,2020-12-31 08:30,0,0,0,0,0,0,0,0,0,0,0,0,0,0,0,0,0
2020-12-31,2021-01-01 12:30,0,0,0,0,0,0,0,0,0,0,0,0,0,0,0,0,0
2021-01-01,2021-01-02 08:00,0,0,0,0,0,0,0,0,0,0,0,0,0,0,0,0,0
2021-01-02,2021-01-03 08:00,0,0,0,0,0,0,0,0,0,0,0,0,0,0,0,0,0
2021-01-03,2021-01-04 12:00,0,0,0,0,0,0,0,0,0,0,0,0,0,0,0,0,0
2021-01-04,2021-01-05 12:00,0,0,0,0,0,0,0,0,0,0,0,0,0,0,0,0,0
2021-01-05,2021-01-06 11:00,0,0,0,0,0,0,0,0,0,0,0,0,0,0,0,0,0
2021-01-06,2021-01-07 11:00,0,0,0,0,0,0,0,0,0,0,0,0,0,0,0,0,0
2021-01-07,2021-01-08 11:00,0,0,0,0,0,0,0,0,0,0,0,0,0,0,0,0,0
2021-01-08,2021-01-09 11:00,0,0,0,0,0,0,0,0,0,0,0,0,0,0,0,0,0
2021-01-10,2021-01-11 11:00,0,0,0,0,0,0,0,0,0,0,0,0,0,0,0,0,0
2021-01-11,2021-01-12 11:00,0,0,0,0,0,0,0,0,0,0,0,0,0,0,0,0,0
2021-01-12,2021-01-13 11:00,0,0,0,0,0,0,0,0,0,0,0,0,0,0,0,0,0
2021-01-13,2021-01-14 11:00,0,0,0,0,0,0,0,0,0,0,0,0,0,0,0,0,0
2021-01-14,2021-01-15 11:00,0,0,0,0,0,0,0,0,0,0,0,0,0,0,0,0,0
2021-01-15,2021-01-16 11:00,0,0,0,0,0,0,0,0,0,0,0,0,0,0,0,0,0
2021-01-17,2021-01-18 11:00,0,0,1655,0,0,214,1078,0,242,676,192,0,105,359,0,0,4521
2021-01-18,2021-01-19 14:00,0,0,3055,0,157,336,1527,553,488,2536,556,0,161,1422,0,0,10791
2021-01-19,2021-01-20 10:00,1680,0,4911,0,305,584,2769,295,768,2862,961,0,161,2304,0,0,17600
2021-01-20,2021-01-21 10:00,2525,0,6915,0,502,781,4868,1476,1369,8004,1167,0,161,3144,0,6,30918
2021-01-21,2021-01-22 10:00,3188,5087,8049,0,798,781,6291,1806,1812,10846,1641,1049,360,3884,0,95,45687
2021-01-22,2021-01-23 10:00,3839,9500,11174,0,798,1136,7195,1806,2175,13612,2057,1227,596,4448,0,95,59658
2021-01-24,2021-01-25 10:00,5429,17204,13235,0,832,1720,9976,1915,2864,24161,2057,1502,801,4936,0,144,86776
2021-01-25,2021-01-26 10:00,6076,30406,14204,21,880,1824,11496,2613,4747,27427,2057,1693,1452,5696,174,144,110910
2021-01-26,2021-01-27 10:00,7039,31692,15872,21,1086,1946,12533,3520,7830,31110,2100,1995,2017,6430,516,167,125874
2021-01-27,2021-01-28 10:00,7618,32749,16936,21,1232,2030,13280,4293,11815,36365,2272,2265,2017,6956,525,401,140775
2021-01-28,2021-01-29 10:00,8525,33288,17943,50,1478,2235,13971,0,15858,40562,2749,2438,2145,7524,1082,497,150345
2021-01-29,2021-01-30 10:00,9241,33946,19309,754,1571,2353,14682,0,19731,41793,3093,2715,2237,8475,1877,667,162444
2021-01-31,2021-02-01 10:00,10585,40686,20815,754,2051,2655,16941,0,21258,48473,3938,3029,2641,9041,2402,667,185936
2021-02-01,2021-02-02 10:00,11575,44554,21594,1385,2366,2928,18573,5757,24664,56858,4441,3301,2783,9497,2742,1122,214140
2021-02-02,2021-02-03 10:00,13056,48344,23175,2332,2660,3170,19502,6253,28098,64655,5049,3628,3396,10177,3546,1532,238573
2021-02-03,2021-02-04 10:00,14274,52923,24194,3088,2998,3608,20536,6805,30939,71142,6165,3962,3965,10820,4466,1841,261726
2021-02-04,2021-02-05 10:00,15854,56218,25013,4287,3434,3977,21821,7270,33757,80229,7341,4288,4522,11607,5300,2133,287051
2021-02-05,2021-02-06 10:00,17543,59061,26021,5233,3699,4797,23182,7439,36620,85144,8266,4708,4942,11836,6336,2485,307312
2021-02-07,2021-02-08 11:00,19831,62470,27177,5464,3958,5892,23986,7439,38187,68420,10335,5102,5685,12047,8445,2793,307231
2021-02-08,2021-02-09 10:00,20605,63792,27625,6047,4190,6348,24742,8135,39888,68420,11306,5178,6054,12257,9588,2795,316970
2021-02-09,2021-02-10 10:00,21710,65126,28016,7000,4492,6908,25412,9134,41252,104982,12975,5183,6815,12553,10489,3095,365142
2021-02-10,2021-02-11 10:00,22901,66079,28668,8083,4641,7266,26169,10252,42602,108924,14513,5186,7412,13194,11484,3530,380904
2021-02-11,2021-02-12 10:00,23865,66643,28865,9064,4789,7875,26666,11038,46728,113452,15788,5187,7783,13543,12527,3798,397611
2021-02-12,2021-02-13 08:00,25977,67893,29159,10045,4912,8202,27547,11472,50512,116635,16648,5292,8514,13816,13605,4128,414357
2021-02-14,2021-02-15 08:00,28735,69785,29771,10026,5469,8687,28033,11472,52903,119941,18070,5366,9333,13900,15796,4635,431922
2021-02-15,2021-02-16 08:00,30402,71551,30149,11326,5683,9146,28523,12053,54727,121947,18597,5372,10004,14177,17191,5310,446158
2021-02-16,2021-02-17 10:00,31683,72946,30246,12161,5861,9384,28891,12903,55947,123368,19711,5413,10191,14341,18604,9080,460730
2021-02-17,2021-02-18 08:00,33483,75535,30611,13222,5881,9647,29570,13434,57677,124344,20829,5416,10683,14667,19853,9381,474233
2021-02-18,2021-02-19 08:00,34934,77782,30874,14385,5885,9919,29792,13948,59008,125867,22461,5576,11391,14912,21142,9815,487691
2021-02-19,2021-02-20 08:00,37105,80133,31303,14386,5962,10473,30117,14403,60277,126685,23573,5582,11862,15012,23680,10356,500909
2021-02-21,2021-02-22 08:00,40017,82531,31634,14386,6071,10914,30661,14411,62342,126876,26384,5597,13037,15331,26746,10575,517513
2021-02-22,2021-02-23 08:00,42039,83489,31777,15779,6332,11201,30887,14550,63685,127396,27486,5611,13497,15635,28702,10686,528752
2021-02-23,2021-02-24 08:00,43931,84816,32103,16104,6368,11493,31181,14839,64936,128543,28450,5615,14124,15989,30362,10756,539610
2021-02-24,2021-02-25 08:00,45741,86461,32251,16455,6421,11684,31589,14973,66098,130060,29104,5714,14553,16186,31916,10960,550166
2021-02-25,2021-02-26 10:00,47301,87517,32616,16456,6423,11856,31870,15113,67570,131568,29412,5738,15068,16289,33640,10966,559403
2021-02-26,2021-02-27 08:00,49050,88558,33206,16561,6555,11928,32247,15324,68787,132863,30139,5857,15561,16531,35230,11205,569602
2021-02-28,2021-03-01 08:00,51737,90236,33455,16561,6844,11968,33306,15324,70083,134557,31017,5960,15561,16531,35229,11375,579744
2021-03-01,2021-03-02 08:00,53613,91318,33744,16845,6849,12012,33471,15549,71471,137739,31018,6336,16035,16728,36589,11581,590898
2021-03-02,2021-03-03 10:00,55299,92233,34046,16908,6856,12112,33890,15815,72473,139520,31047,6744,17479,17224,37811,11994,601451
2021-03-03,2021-03-04 08:00,56940,92233,34392,16930,6911,12260,34410,15927,74007,142056,31114,7121,17938,17331,38703,12272,610545
2021-03-04,2021-03-05 08:00,58292,95667,34809,17083,6917,12361,34906,16142,75550,143759,31273,7573,18324,17929,39967,12964,623516
2021-03-05,2021-03-06 08:00,59815,97428,35738,17123,6920,12395,35094,16265,76579,144283,31565,8003,18862,17930,40687,13530,632217
2021-03-07,2021-03-08 08:00,61405,99119,36266,17421,7017,12490,35480,16265,77832,144285,31696,8254,19573,18701,40687,14449,640940
2021-03-08,2021-03-09 08:00,62895,99838,36778,17421,7030,12610,35935,16431,78450,145800,32235,8595,19934,19130,40686,14568,648336
2021-03-09,2021-03-10 08:00,64816,100676,37419,17585,7061,12647,36255,16582,79189,147573,32244,9055,20130,19265,41960,14745,657202
2021-03-10,2021-03-11 08:00,66110,101651,37954,17595,7091,12657,36679,16758,80351,149297,32244,9403,20274,19484,42068,15313,664929
2021-03-11,2021-03-12 08:00,67651,102159,38228,17605,7121,12797,36974,16758,81296,150784,32285,9600,20524,20288,42329,15757,672156
2021-03-12,2021-03-13 08:00,69088,103029,38514,17608,7134,12878,37289,16849,82214,126597,32289,9608,20945,20945,42455,16225,653667
2021-03-14,2021-03-15 08:00,70464,103776,38865,17647,7158,12940,37480,16849,82476,151297,32290,9608,21563,20945,42502,16644,682504
2021-03-15,2021-03-16 08:00,71244,104568,39061,17706,7170,12983,37915,16974,82979,151990,32291,9609,21953,21310,42632,17271,687656
2021-03-16,2021-03-17 08:00,72827,105195,39322,18044,7180,13020,38187,17204,83582,152220,32298,9612,22462,21584,42636,17996,693369
2021-03-17,2021-03-18 08:00,74209,106315,39548,18054,7184,13032,38659,17247,83953,152728,32355,9620,22873,21951,42641,18544,698913
2021-03-18,2021-03-19 08:00,75354,107142,39767,18125,7185,13080,39210,17506,84456,153276,32433,9626,23126,22388,42913,19086,704673
2021-03-19,2021-03-20 08:00,76160,108242,39767,18132,7233,13119,39492,17681,84850,153277,32447,9627,23448,22793,43299,19433,709000
2021-03-21,2021-03-22 08:00,77282,109249,40230,18132,7235,13134,39901,17681,84921,153511,32454,9626,23457,22887,43301,19877,712878
2021-03-22,2021-03-23 08:00,77916,109655,40510,18196,7248,13145,39901,18037,85476,153781,32458,9630,23491,23385,43621,20031,716481
2021-03-23,2021-03-24 08:00,78416,110441,40686,18312,7251,13197,39901,18517,86127,153922,32946,9633,23503,23566,43867,20234,720519
2021-03-24,2021-03-25 08:00,79138,111146,40686,18400,7257,13212,39901,18718,86554,154149,32976,9641,23506,23774,43978,20687,723723
2021-03-25,2021-03-26 08:00,79908,111861,40686,18672,7260,13237,40804,19003,86772,154441,32996,9654,23509,24207,43979,21024,728013
2021-03-26,2021-03-27 08:00,81045,112312,41219,18766,7282,13243,41107,19237,86956,154629,33053,9687,23552,24536,44317,21438,732379
2021-03-28,2021-03-29 08:00,81966,113068,41361,18766,7403,13320,41168,19237,86991,151671,33053,9724,23554,24711,44496,21698,732187
2021-03-29,2021-03-30 08:00,82702,113480,41378,18833,7433,13321,41708,19511,87163,152113,33081,9760,23556,25243,44500,22048,735830
2021-03-30,2021-03-31 08:00,83540,113816,41526,18890,7437,13208,41891,20038,87450,153827,32456,9789,23559,25326,45233,22592,740578
2021-03-31,2021-04-01 08:00,84396,114553,42044,18993,7438,13215,42094,20379,87574,154225,32540,9797,23564,25498,45562,22792,744664
2021-04-02,2021-04-03 08:00,85559,115494,42443,19068,7475,13221,42406,20701,88136,157554,32617,9907,23570,25504,45587,23043,752285
2021-04-05,2021-04-06 08:00,86353,116510,42533,19072,7505,13224,42617,20726,88136,159102,32640,9909,23587,25504,45608,23139,756165
2021-04-06,2021-04-07 08:00,87285,117032,42764,19188,7505,13226,42905,21155,88260,159602,32813,9933,23587,25522,46269,23294,760340
2021-04-07,2021-04-08 08:00,,,,,,,,,,,,,,,,,
2021-04-08,2021-04-09 08:00,,,,,,,,,,,,,,,,,
2021-04-09,2021-04-10 08:00,,,,,,,,,,,,,,,,,
2021-04-11,2021-04-12 08:00,,,,,,,,,,,,,,,,,
2021-04-12,2021-04-13 08:00,,,,,,,,,,,,,,,,,
2021-04-13,2021-04-14 08:00,,,,,,,,,,,,,,,,,
2021-04-14,2021-04-15 11:00,,,,,,,,,,,,,,,,,
2021-04-15,2021-04-16 08:00,,,,,,,,,,,,,,,,,
2021-04-16,2021-04-17 08:00,,,,,,,,,,,,,,,,,
2021-04-18,2021-04-19 08:00,,,,,,,,,,,,,,,,,
2021-04-19,2021-04-20 08:00,,,,,,,,,,,,,,,,,
2021-04-20,2021-04-21 08:00,,,,,,,,,,,,,,,,,
2021-04-21,2021-04-22 08:00,,,,,,,,,,,,,,,,,
2021-04-22,2021-04-23 08:00,,,,,,,,,,,,,,,,,
2021-04-23,2021-04-24 08:00,,,,,,,,,,,,,,,,,
2021-04-25,2021-04-26 08:00,,,,,,,,,,,,,,,,,
2021-04-26,2021-04-27 08:00,,,,,,,,,,,,,,,,,
2021-04-27,2021-04-28 08:00,,,,,,,,,,,,,,,,,
2021-04-28,2021-04-29 11:00,,,,,,,,,,,,,,,,,
2021-04-29,2021-04-30 08:00,,,,,,,,,,,,,,,,,
2021-05-02,2021-05-03 08:00,,,,,,,,,,,,,,,,,
2021-05-03,2021-05-04 08:00,,,,,,,,,,,,,,,,,
2021-05-04,2021-05-05 08:00,,,,,,,,,,,,,,,,,
2021-05-05,2021-05-06 08:00,,,,,,,,,,,,,,,,,
2021-05-06,2021-05-07 08:00,,,,,,,,,,,,,,,,,
2021-05-07,2021-05-08 08:00,,,,,,,,,,,,,,,,,
2021-05-09,2021-05-10 08:00,,,,,,,,,,,,,,,,,
2021-05-10,2021-05-11 11:00,,,,,,,,,,,,,,,,,
2021-05-11,2021-05-12 14:00,,,,,,,,,,,,,,,,,
2021-05-13,2021-05-14 08:15,,,,,,,,,,,,,,,,,
2021-05-14,2021-05-15 08:00,,,,,,,,,,,,,,,,,
2021-05-16,2021-05-17 08:00,,,,,,,,,,,,,,,,,
2021-05-17,2021-05-18 13:00,,,,,,,,,,,,,,,,,
2021-05-18,2021-05-19 11:00,,,,,,,,,,,,,,,,,
2021-05-19,2021-05-20 14:00,,,,,,,,,,,,,,,,,
2021-05-20,2021-05-21 08:00,,,,,,,,,,,,,,,,,
2021-05-21,2021-05-22 08:00,,,,,,,,,,,,,,,,,
2021-05-24,2021-05-25 08:00,,,,,,,,,,,,,,,,,
2021-05-25,2021-05-26 08:00,,,,,,,,,,,,,,,,,
2021-05-26,2021-05-27 08:00,,,,,,,,,,,,,,,,,
2021-05-27,2021-05-28 08:00,,,,,,,,,,,,,,,,,
2021-05-28,2021-05-29 08:00,,,,,,,,,,,,,,,,,
2021-05-30,2021-05-31 08:00,,,,,,,,,,,,,,,,,
2021-05-31,2021-06-01 14:00,,,,,,,,,,,,,,,,,
2021-06-01,2021-06-02 08:00,,,,,,,,,,,,,,,,,
2021-06-02,2021-06-03 08:00,,,,,,,,,,,,,,,,,
2021-06-03,2021-06-04 08:00,,,,,,,,,,,,,,,,,
2021-06-04,2021-06-05 08:00,,,,,,,,,,,,,,,,,
2021-06-06,2021-06-07 11:00,,,,,,,,,,,,,,,,,
2021-06-07,2021-06-08 08:00,,,,,,,,,,,,,,,,,
2021-06-08,2021-06-09 11:00,,,,,,,,,,,,,,,,,
2021-06-09,2021-06-10 08:00,,,,,,,,,,,,,,,,,
2021-06-10,2021-06-11 08:00,,,,,,,,,,,,,,,,,
2021-06-11,2021-06-12 08:00,,,,,,,,,,,,,,,,,
2021-06-13,2021-06-14 08:00,,,,,,,,,,,,,,,,,
2021-06-14,2021-06-15 08:00,,,,,,,,,,,,,,,,,
2021-06-15,2021-06-16 08:00,,,,,,,,,,,,,,,,,
2021-06-16,2021-06-17 08:00,,,,,,,,,,,,,,,,,
2021-06-17,2021-06-18 08:00,,,,,,,,,,,,,,,,,
2021-06-18,2021-06-19 08:00,,,,,,,,,,,,,,,,,
2021-06-20,2021-06-21 08:00,,,,,,,,,,,,,,,,,
2021-06-21,2021-06-22 08:00,,,,,,,,,,,,,,,,,
2021-06-22,2021-06-23 08:00,,,,,,,,,,,,,,,,,
2021-06-23,2021-06-24 08:00,,,,,,,,,,,,,,,,,
2021-06-24,2021-06-25 08:00,,,,,,,,,,,,,,,,,
2021-06-25,2021-06-26 08:00,,,,,,,,,,,,,,,,,
2021-06-27,2021-06-28 08:00,,,,,,,,,,,,,,,,,
2021-06-28,2021-06-29 08:00,,,,,,,,,,,,,,,,,
2021-06-29,2021-06-30 08:00,,,,,,,,,,,,,,,,,
2021-06-30,2021-07-01 08:00,,,,,,,,,,,,,,,,,
2021-07-01,2021-07-02 08:00,,,,,,,,,,,,,,,,,
2021-07-04,2021-07-05 08:00,,,,,,,,,,,,,,,,,
2021-07-05,2021-07-06 14:00,,,,,,,,,,,,,,,,,
2021-07-06,2021-07-07 11:00,,,,,,,,,,,,,,,,,
2021-07-07,2021-07-08 08:00,,,,,,,,,,,,,,,,,
2021-07-08,2021-07-09 08:00,,,,,,,,,,,,,,,,,
2021-07-11,2021-07-12 08:00,,,,,,,,,,,,,,,,,
2021-07-12,2021-07-13 08:00,,,,,,,,,,,,,,,,,
2021-07-13,2021-07-14 08:00,,,,,,,,,,,,,,,,,
2021-07-14,2021-07-15 08:00,,,,,,,,,,,,,,,,,
2021-07-15,2021-07-16 08:00,,,,,,,,,,,,,,,,,
2021-07-18,2021-07-19 08:00,,,,,,,,,,,,,,,,,
2021-07-19,2021-07-20 08:00,,,,,,,,,,,,,,,,,
2021-07-20,2021-07-21 08:00,,,,,,,,,,,,,,,,,
2021-07-21,2021-07-22 08:00,,,,,,,,,,,,,,,,,
2021-07-22,2021-07-23 08:00,,,,,,,,,,,,,,,,,
2021-07-25,2021-07-26 08:00,,,,,,,,,,,,,,,,,
2021-07-26,2021-07-27 08:00,,,,,,,,,,,,,,,,,
2021-07-27,2021-07-28 08:00,,,,,,,,,,,,,,,,,
2021-07-28,2021-07-29 08:00,,,,,,,,,,,,,,,,,
2021-07-29,2021-07-30 08:00,,,,,,,,,,,,,,,,,
2021-08-01,2021-08-02 08:00,,,,,,,,,,,,,,,,,
2021-08-02,2021-08-03 08:00,,,,,,,,,,,,,,,,,
2021-08-03,2021-08-04 08:00,,,,,,,,,,,,,,,,,
2021-08-04,2021-08-05 08:00,,,,,,,,,,,,,,,,,
2021-08-05,2021-08-06 08:00,,,,,,,,,,,,,,,,,
2021-08-08,2021-08-09 08:00,,,,,,,,,,,,,,,,,
2021-08-09,2021-08-10 08:00,,,,,,,,,,,,,,,,,
2021-08-10,2021-08-11 08:00,,,,,,,,,,,,,,,,,
2021-08-11,2021-08-12 08:00,,,,,,,,,,,,,,,,,
2021-08-12,2021-08-13 08:00,,,,,,,,,,,,,,,,,
2021-08-15,2021-08-16 08:00,,,,,,,,,,,,,,,,,
2021-08-16,2021-08-17 08:00,,,,,,,,,,,,,,,,,
2021-08-17,2021-08-18 08:00,,,,,,,,,,,,,,,,,
2021-08-18,2021-08-19 08:00,,,,,,,,,,,,,,,,,
2021-08-19,2021-08-20 08:00,,,,,,,,,,,,,,,,,
2021-08-22,2021-08-23 08:00,,,,,,,,,,,,,,,,,
2021-08-23,2021-08-24 08:00,,,,,,,,,,,,,,,,,
2021-08-24,2021-08-25 08:00,,,,,,,,,,,,,,,,,
2021-08-25,2021-08-26 08:00,,,,,,,,,,,,,,,,,
2021-08-26,2021-08-27 08:00,,,,,,,,,,,,,,,,,
2021-08-29,2021-08-30 08:00,,,,,,,,,,,,,,,,,
2021-08-30,2021-08-31 08:00,,,,,,,,,,,,,,,,,
2021-08-31,2021-09-01 08:00,,,,,,,,,,,,,,,,,
2021-09-01,2021-09-02 08:00,,,,,,,,,,,,,,,,,
2021-09-02,2021-09-03 08:00,,,,,,,,,,,,,,,,,
2021-09-05,2021-09-06 08:00,,,,,,,,,,,,,,,,,
2021-09-06,2021-09-07 08:00,,,,,,,,,,,,,,,,,
2021-09-07,2021-09-08 08:00,,,,,,,,,,,,,,,,,
2021-09-08,2021-09-09 08:00,,,,,,,,,,,,,,,,,
2021-09-09,2021-09-10 08:00,,,,,,,,,,,,,,,,,
2021-09-12,2021-09-13 08:00,,,,,,,,,,,,,,,,,
2021-09-13,2021-09-14 08:00,,,,,,,,,,,,,,,,,
2021-09-14,2021-09-15 08:00,,,,,,,,,,,,,,,,,
2021-09-15,2021-09-16 08:00,,,,,,,,,,,,,,,,,
2021-09-16,2021-09-17 08:00,,,,,,,,,,,,,,,,,
2021-09-19,2021-09-20 08:00,,,,,,,,,,,,,,,,,
2021-09-20,2021-09-21 08:00,,,,,,,,,,,,,,,,,
2021-09-21,2021-09-22 08:00,,,,,,,,,,,,,,,,,
2021-09-22,2021-09-23 08:00,,,,,,,,,,,,,,,,,
2021-09-23,2021-09-24 08:00,,,,,,,,,,,,,,,,,
2021-09-26,2021-09-27 08:00,,,,,,,,,,,,,,,,,
2021-09-27,2021-09-28 08:00,,,,,,,,,,,,,,,,,
2021-09-28,2021-09-29 08:00,,,,,,,,,,,,,,,,,
2021-09-29,2021-09-30 08:00,,,,,,,,,,,,,,,,,
2021-09-30,2021-10-01 08:00,,,,,,,,,,,,,,,,,
2021-10-03,2021-10-04 08:00,,,,,,,,,,,,,,,,,
2021-10-04,2021-10-05 08:00,,,,,,,,,,,,,,,,,
2021-10-05,2021-10-06 08:00,,,,,,,,,,,,,,,,,
2021-10-06,2021-10-07 08:00,,,,,,,,,,,,,,,,,
2021-10-07,2021-10-08 08:00,,,,,,,,,,,,,,,,,
2021-10-10,2021-10-11 08:00,,,,,,,,,,,,,,,,,
2021-10-11,2021-10-12 08:00,,,,,,,,,,,,,,,,,
2021-10-12,2021-10-13 08:00,,,,,,,,,,,,,,,,,
2021-10-13,2021-10-14 08:00,,,,,,,,,,,,,,,,,
2021-10-14,2021-10-15 08:00,,,,,,,,,,,,,,,,,
2021-10-17,2021-10-18 08:00,,,,,,,,,,,,,,,,,
2021-10-18,2021-10-19 08:00,,,,,,,,,,,,,,,,,
2021-10-19,2021-10-20 08:00,,,,,,,,,,,,,,,,,
2021-10-20,2021-10-21 08:00,,,,,,,,,,,,,,,,,
2021-10-21,2021-10-22 08:00,,,,,,,,,,,,,,,,,
2021-10-24,2021-10-25 08:00,,,,,,,,,,,,,,,,,
2021-10-25,2021-10-26 08:00,,,,,,,,,,,,,,,,,
2021-10-26,2021-10-27 08:00,,,,,,,,,,,,,,,,,
2021-10-27,2021-10-28 08:00,,,,,,,,,,,,,,,,,
2021-10-28,2021-10-29 08:00,,,,,,,,,,,,,,,,,
2021-10-31,2021-11-01 08:00,,,,,,,,,,,,,,,,,
2021-11-01,2021-11-02 08:00,,,,,,,,,,,,,,,,,
2021-11-02,2021-11-03 08:00,,,,,,,,,,,,,,,,,
2021-11-03,2021-11-04 08:00,,,,,,,,,,,,,,,,,
2021-11-04,2021-11-05 08:00,,,,,,,,,,,,,,,,,
2021-11-07,2021-11-08 08:00,,,,,,,,,,,,,,,,,
2021-11-08,2021-11-09 08:00,,,,,,,,,,,,,,,,,
2021-11-09,2021-11-10 08:00,,,,,,,,,,,,,,,,,
2021-11-10,2021-11-11 08:00,,,,,,,,,,,,,,,,,
2021-11-11,2021-11-12 08:00,,,,,,,,,,,,,,,,,
2021-11-14,2021-11-15 08:00,,,,,,,,,,,,,,,,,
2021-11-15,2021-11-16 08:00,,,,,,,,,,,,,,,,,
2021-11-16,2021-11-17 08:00,,,,,,,,,,,,,,,,,
2021-11-17,2021-11-18 08:00,,,,,,,,,,,,,,,,,
2021-11-18,2021-11-19 08:00,,,,,,,,,,,,,,,,,
2021-11-21,2021-11-22 08:00,,,,,,,,,,,,,,,,,
2021-11-22,2021-11-23 08:00,,,,,,,,,,,,,,,,,
2021-11-23,2021-11-24 08:00,,,,,,,,,,,,,,,,,
2021-11-24,2021-11-25 08:00,,,,,,,,,,,,,,,,,
2021-11-25,2021-11-26 08:00,,,,,,,,,,,,,,,,,
2021-11-28,2021-11-29 08:00,,,,,,,,,,,,,,,,,
2021-11-29,2021-11-30 08:00,,,,,,,,,,,,,,,,,
2021-11-30,2021-12-01 08:00,,,,,,,,,,,,,,,,,
2021-12-01,2021-12-02 08:00,,,,,,,,,,,,,,,,,
2021-12-02,2021-12-03 08:00,,,,,,,,,,,,,,,,,
2021-12-05,2021-12-06 08:00,,,,,,,,,,,,,,,,,
2021-12-06,2021-12-07 08:00,,,,,,,,,,,,,,,,,
2021-12-07,2021-12-08 08:00,,,,,,,,,,,,,,,,,
2021-12-08,2021-12-09 08:00,,,,,,,,,,,,,,,,,
2021-12-09,2021-12-10 08:00,,,,,,,,,,,,,,,,,
2021-12-12,2021-12-13 08:00,,,,,,,,,,,,,,,,,
2021-12-13,2021-12-14 08:00,,,,,,,,,,,,,,,,,
2021-12-14,2021-12-15 11:00,,,,,,,,,,,,,,,,,
2021-12-15,2021-12-16 08:00,,,,,,,,,,,,,,,,,
2021-12-16,2021-12-17 08:00,,,,,,,,,,,,,,,,,
2021-12-19,2021-12-20 08:00,,,,,,,,,,,,,,,,,
2021-12-20,2021-12-21 08:00,,,,,,,,,,,,,,,,,
2021-12-21,2021-12-22 08:00,,,,,,,,,,,,,,,,,
2021-12-22,2021-12-23 08:00,,,,,,,,,,,,,,,,,
2021-12-26,2021-12-27 08:00,,,,,,,,,,,,,,,,,
2021-12-27,2021-12-28 08:00,,,,,,,,,,,,,,,,,
2021-12-28,2021-12-29 08:00,,,,,,,,,,,,,,,,,
2021-12-29,2021-12-30 08:00,,,,,,,,,,,,,,,,,
2022-01-02,2022-01-03 08:00,,,,,,,,,,,,,,,,,
2022-01-03,2022-01-04 08:00,,,,,,,,,,,,,,,,,
2022-01-04,2022-01-05 08:00,,,,,,,,,,,,,,,,,
2022-01-05,2022-01-06 08:00,,,,,,,,,,,,,,,,,
2022-01-06,2022-01-07 08:00,,,,,,,,,,,,,,,,,
2022-01-09,2022-01-10 08:00,,,,,,,,,,,,,,,,,
2022-01-10,2022-01-11 08:00,,,,,,,,,,,,,,,,,
2022-01-11,2022-01-12 08:00,,,,,,,,,,,,,,,,,
2022-01-12,2022-01-13 08:00,,,,,,,,,,,,,,,,,
2022-01-13,2022-01-14 08:00,,,,,,,,,,,,,,,,,
2022-01-16,2022-01-17 08:00,,,,,,,,,,,,,,,,,
2022-01-17,2022-01-18 08:00,,,,,,,,,,,,,,,,,
2022-01-18,2022-01-19 08:00,,,,,,,,,,,,,,,,,
2022-01-19,2022-01-20 08:00,,,,,,,,,,,,,,,,,
2022-01-20,2022-01-21 08:00,,,,,,,,,,,,,,,,,
2022-01-23,2022-01-24 08:00,,,,,,,,,,,,,,,,,
2022-01-24,2022-01-25 08:00,,,,,,,,,,,,,,,,,
2022-01-25,2022-01-26 08:00,,,,,,,,,,,,,,,,,
2022-01-26,2022-01-27 08:00,,,,,,,,,,,,,,,,,
2022-01-27,2022-01-28 08:00,,,,,,,,,,,,,,,,,
2022-01-30,2022-01-31 08:00,,,,,,,,,,,,,,,,,
2022-01-31,2022-02-01 08:00,,,,,,,,,,,,,,,,,
2022-02-01,2022-02-02 08:00,,,,,,,,,,,,,,,,,
2022-02-02,2022-02-03 08:00,,,,,,,,,,,,,,,,,
2022-02-03,2022-02-04 08:00,,,,,,,,,,,,,,,,,
2022-02-06,2022-02-07 08:00,,,,,,,,,,,,,,,,,
2022-02-07,2022-02-08 08:00,,,,,,,,,,,,,,,,,
2022-02-08,2022-02-09 08:00,,,,,,,,,,,,,,,,,
2022-02-09,2022-02-10 08:00,,,,,,,,,,,,,,,,,
2022-02-10,2022-02-11 08:00,,,,,,,,,,,,,,,,,
2022-02-13,2022-02-14 08:00,,,,,,,,,,,,,,,,,
2022-02-14,2022-02-15 08:00,,,,,,,,,,,,,,,,,
2022-02-15,2022-02-16 08:00,,,,,,,,,,,,,,,,,
2022-02-16,2022-02-17 08:00,,,,,,,,,,,,,,,,,
2022-02-17,2022-02-18 08:00,,,,,,,,,,,,,,,,,
2022-02-20,2022-02-21 08:00,,,,,,,,,,,,,,,,,
2022-02-21,2022-02-22 08:00,,,,,,,,,,,,,,,,,
2022-02-22,2022-02-23 08:00,,,,,,,,,,,,,,,,,
2022-02-23,2022-02-24 08:00,,,,,,,,,,,,,,,,,
2022-02-24,2022-02-25 08:00,,,,,,,,,,,,,,,,,
2022-02-27,2022-02-28 08:00,,,,,,,,,,,,,,,,,
2022-02-28,2022-03-01 08:00,,,,,,,,,,,,,,,,,
2022-03-01,2022-03-02 08:00,,,,,,,,,,,,,,,,,
2022-03-02,2022-03-03 08:00,,,,,,,,,,,,,,,,,
2022-03-03,2022-03-04 08:00,,,,,,,,,,,,,,,,,
2022-03-06,2022-03-07 08:00,,,,,,,,,,,,,,,,,
2022-03-08,2022-03-09 08:00,,,,,,,,,,,,,,,,,
2022-03-09,2022-03-10 08:00,,,,,,,,,,,,,,,,,
2022-03-10,2022-03-11 08:00,,,,,,,,,,,,,,,,,
2022-03-13,2022-03-14 08:00,,,,,,,,,,,,,,,,,
2022-03-14,2022-03-15 08:00,,,,,,,,,,,,,,,,,
2022-03-15,2022-03-16 08:00,,,,,,,,,,,,,,,,,
2022-03-16,2022-03-17 08:00,,,,,,,,,,,,,,,,,
2022-03-17,2022-03-18 08:00,,,,,,,,,,,,,,,,,
2022-03-20,2022-03-21 08:00,,,,,,,,,,,,,,,,,
2022-03-21,2022-03-22 08:00,,,,,,,,,,,,,,,,,
2022-03-22,2022-03-23 08:00,,,,,,,,,,,,,,,,,
2022-03-23,2022-03-24 08:00,,,,,,,,,,,,,,,,,
2022-03-24,2022-03-25 08:00,,,,,,,,,,,,,,,,,
2022-03-27,2022-03-28 08:00,,,,,,,,,,,,,,,,,
2022-03-28,2022-03-29 08:00,,,,,,,,,,,,,,,,,
2022-03-29,2022-03-30 08:00,,,,,,,,,,,,,,,,,
2022-03-30,2022-03-31 08:00,,,,,,,,,,,,,,,,,
2022-03-31,2022-04-01 08:00,,,,,,,,,,,,,,,,,
2022-04-03,2022-04-04 08:00,,,,,,,,,,,,,,,,,
2022-04-04,2022-04-05 08:00,,,,,,,,,,,,,,,,,
2022-04-05,2022-04-06 08:00,,,,,,,,,,,,,,,,,
2022-04-06,2022-04-07 08:00,,,,,,,,,,,,,,,,,
2022-04-07,2022-04-08 08:00,,,,,,,,,,,,,,,,,
2022-04-10,2022-04-11 08:00,,,,,,,,,,,,,,,,,
2022-04-11,2022-04-12 08:00,,,,,,,,,,,,,,,,,
2022-04-12,2022-04-13 08:00,,,,,,,,,,,,,,,,,
2022-04-13,2022-04-14 08:00,,,,,,,,,,,,,,,,,
2022-04-18,2022-04-19 08:00,,,,,,,,,,,,,,,,,
2022-04-19,2022-04-20 08:00,,,,,,,,,,,,,,,,,
2022-04-20,2022-04-21 08:00,,,,,,,,,,,,,,,,,
2022-04-21,2022-04-22 08:00,,,,,,,,,,,,,,,,,
2022-04-24,2022-04-25 08:00,,,,,,,,,,,,,,,,,
2022-04-25,2022-04-26 08:00,,,,,,,,,,,,,,,,,
2022-04-26,2022-04-27 08:00,,,,,,,,,,,,,,,,,
2022-04-27,2022-04-28 08:00,,,,,,,,,,,,,,,,,
2022-04-28,2022-04-29 08:00,,,,,,,,,,,,,,,,,
2022-05-01,2022-05-02 08:00,,,,,,,,,,,,,,,,,
2022-05-02,2022-05-03 08:00,,,,,,,,,,,,,,,,,
2022-05-03,2022-05-04 08:00,,,,,,,,,,,,,,,,,
2022-05-04,2022-05-05 08:00,,,,,,,,,,,,,,,,,
2022-05-05,2022-05-06 08:00,,,,,,,,,,,,,,,,,
2022-05-08,2022-05-09 08:00,,,,,,,,,,,,,,,,,
2022-05-09,2022-05-10 08:00,,,,,,,,,,,,,,,,,
2022-05-10,2022-05-11 08:00,,,,,,,,,,,,,,,,,
2022-05-11,2022-05-12 08:00,,,,,,,,,,,,,,,,,
2022-05-12,2022-05-13 08:00,,,,,,,,,,,,,,,,,
2022-05-15,2022-05-16 08:00,,,,,,,,,,,,,,,,,
2022-05-16,2022-05-17 08:00,,,,,,,,,,,,,,,,,
2022-05-17,2022-05-18 08:00,,,,,,,,,,,,,,,,,
2022-05-18,2022-05-19 08:00,,,,,,,,,,,,,,,,,
2022-05-19,2022-05-20 08:00,,,,,,,,,,,,,,,,,
2022-05-22,2022-05-23 08:00,,,,,,,,,,,,,,,,,
2022-05-23,2022-05-24 08:00,,,,,,,,,,,,,,,,,
2022-05-24,2022-05-25 08:00,,,,,,,,,,,,,,,,,
