date,publication_date,dosen_kumulativ,personen_erst_kumulativ,personen_voll_kumulativ,personen_min1_kumulativ,personen_zweit_kumulativ,dosen_biontech_kumulativ,personen_erst_biontech_kumulativ,personen_voll_biontech_kumulativ,personen_min1_biontech_kumulativ,personen_zweit_biontech_kumulativ,dosen_moderna_kumulativ,personen_erst_moderna_kumulativ,personen_voll_moderna_kumulativ,personen_min1_moderna_kumulativ,personen_zweit_moderna_kumulativ,dosen_astrazeneca_kumulativ,personen_erst_astrazeneca_kumulativ,personen_voll_astrazeneca_kumulativ,personen_min1_astrazeneca_kumulativ,personen_zweit_astrazeneca_kumulativ,dosen_janssen_kumulativ,personen_erst_janssen_kumulativ,personen_voll_janssen_kumulativ,personen_min1_janssen_kumulativ,personen_zweit_janssen_kumulativ,indikation_alter_dosen,indikation_alter_erst,indikation_alter_voll,indikation_alter_min1,indikation_alter_zweit,indikation_beruf_dosen,indikation_beruf_erst,indikation_beruf_voll,indikation_beruf_min1,indikation_beruf_zweit,indikation_medizinisch_dosen,indikation_medizinisch_erst,indikation_medizinisch_voll,indikation_medizinisch_min1,indikation_medizinisch_zweit,indikation_pflegeheim_dosen,indikation_pflegeheim_erst,indikation_pflegeheim_voll,indikation_pflegeheim_min1,indikation_pflegeheim_zweit,dosen_differenz_zum_vortag,personen_erst_differenz_zum_vortag,personen_voll_differenz_zum_vortag,personen_min1_differenz_zum_vortag,personen_zweit_differenz_zum_vortag,impf_quote_dosen,impf_quote_erst,impf_quote_voll,impf_quote_min1,impf_quote_zweit,impf_inzidenz_dosen,impf_inzidenz_erst,impf_inzidenz_voll,impf_inzidenz_min1,impf_inzidenz_zweit,dosen_kumulativ_alter_unter12,personen_erst_kumulativ_alter_unter12,personen_voll_kumulativ_alter_unter12,personen_min1_kumulativ_alter_unter12,personen_zweit_kumulativ_alter_unter12,impf_quote_dosen_alter_unter12,impf_quote_erst_alter_unter12,impf_quote_voll_alter_unter12,impf_quote_min1_alter_unter12,impf_quote_zweit_alter_unter12,impf_inzidenz_dosen_alter_unter12,impf_inzidenz_erst_alter_unter12,impf_inzidenz_voll_alter_unter12,impf_inzidenz_min1_alter_unter12,impf_inzidenz_zweit_alter_unter12,dosen_kumulativ_alter_12bis17,personen_erst_kumulativ_alter_12bis17,personen_voll_kumulativ_alter_12bis17,personen_min1_kumulativ_alter_12bis17,personen_zweit_kumulativ_alter_12bis17,impf_quote_dosen_alter_12bis17,impf_quote_erst_alter_12bis17,impf_quote_voll_alter_12bis17,impf_quote_min1_alter_12bis17,impf_quote_zweit_alter_12bis17,impf_inzidenz_dosen_alter_12bis17,impf_inzidenz_erst_alter_12bis17,impf_inzidenz_voll_alter_12bis17,impf_inzidenz_min1_alter_12bis17,impf_inzidenz_zweit_alter_12bis17,dosen_kumulativ_alter_unter18,personen_erst_kumulativ_alter_unter18,personen_voll_kumulativ_alter_unter18,personen_min1_kumulativ_alter_unter18,personen_zweit_kumulativ_alter_unter18,impf_quote_dosen_alter_unter18,impf_quote_erst_alter_unter18,impf_quote_voll_alter_unter18,impf_quote_min1_alter_unter18,impf_quote_zweit_alter_unter18,impf_inzidenz_dosen_alter_unter18,impf_inzidenz_erst_alter_unter18,impf_inzidenz_voll_alter_unter18,impf_inzidenz_min1_alter_unter18,impf_inzidenz_zweit_alter_unter18,dosen_kumulativ_alter_18bis59,personen_erst_kumulativ_alter_18bis59,personen_voll_kumulativ_alter_18bis59,personen_min1_kumulativ_alter_18bis59,personen_zweit_kumulativ_alter_18bis59,impf_quote_dosen_alter_18bis59,impf_quote_erst_alter_18bis59,impf_quote_voll_alter_18bis59,impf_quote_min1_alter_18bis59,impf_quote_zweit_alter_18bis59,impf_inzidenz_dosen_alter_18bis59,impf_inzidenz_erst_alter_18bis59,impf_inzidenz_voll_alter_18bis59,impf_inzidenz_min1_alter_18bis59,impf_inzidenz_zweit_alter_18bis59,dosen_kumulativ_alter_60plus,personen_erst_kumulativ_alter_60plus,personen_voll_kumulativ_alter_60plus,personen_min1_kumulativ_alter_60plus,personen_zweit_kumulativ_alter_60plus,impf_quote_dosen_alter_60plus,impf_quote_erst_alter_60plus,impf_quote_voll_alter_60plus,impf_quote_min1_alter_60plus,impf_quote_zweit_alter_60plus,impf_inzidenz_dosen_alter_60plus,impf_inzidenz_erst_alter_60plus,impf_inzidenz_voll_alter_60plus,impf_inzidenz_min1_alter_60plus,impf_inzidenz_zweit_alter_60plus
2020-12-27,2020-12-28 16:15,1626,1626,0,1626,0,1626,1626,0,1626,0,0,0,0,0,0,0,0,0,0,0,0,0,0,0,0,1416,1416,0,1416,0,228,228,0,228,0,105,105,0,105,0,1398,1398,0,1398,0,,,,,,0.044311322742036974,0.044311322742036974,0,0.044311322742036974,0,0.44311322742036974,0.44311322742036974,0,0.44311322742036974,0,,,,,,,,,,,,,,,,,,,,,,,,,,,,,,,,,,,,,,,,,,,,,,,,,,,,,,,,,,,,,,,,,,,,,,,,,,,
2020-12-28,2020-12-29 08:00,3839,3839,0,3839,0,3839,3839,0,3839,0,0,0,0,0,0,0,0,0,0,0,0,0,0,0,0,3340,3340,0,3340,0,517,517,0,517,0,105,105,0,105,0,3322,3322,0,3322,0,2213,,,,,0.10461941451825335,0.10461941451825335,0,0.10461941451825335,0,1.0461941451825334,1.0461941451825334,0,1.0461941451825334,0,,,,,,,,,,,,,,,,,,,,,,,,,,,,,,,,,,,,,,,,,,,,,,,,,,,,,,,,,,,,,,,,,,,,,,,,,,,
2020-12-30,2020-12-31 08:30,9084,9084,0,9084,0,9084,9084,0,9084,0,0,0,0,0,0,0,0,0,0,0,0,0,0,0,0,6554,6554,0,6554,0,2733,2733,0,2733,0,105,105,0,105,0,6350,6350,0,6350,0,2788,,,,,0.24755476985772687,0.24755476985772687,0,0.24755476985772687,0,2.4755476985772686,2.4755476985772686,0,2.4755476985772686,0,,,,,,,,,,,,,,,,,,,,,,,,,,,,,,,,,,,,,,,,,,,,,,,,,,,,,,,,,,,,,,,,,,,,,,,,,,,
2020-12-31,2021-01-01 12:30,11114,11114,0,11114,0,11114,11114,0,11114,0,0,0,0,0,0,0,0,0,0,0,0,0,0,0,0,7029,7029,0,7029,0,2952,2952,0,2952,0,105,105,0,105,0,8161,8161,0,8161,0,2030,,,,,0.3028757939452638,0.3028757939452638,0,0.3028757939452638,0,3.028757939452638,3.028757939452638,0,3.028757939452638,0,,,,,,,,,,,,,,,,,,,,,,,,,,,,,,,,,,,,,,,,,,,,,,,,,,,,,,,,,,,,,,,,,,,,,,,,,,,
2021-01-01,2021-01-02 08:00,13137,13137,0,13137,0,13137,13137,0,13137,0,0,0,0,0,0,0,0,0,0,0,0,0,0,0,0,8662,8662,0,8662,0,3319,3319,0,3319,0,105,105,0,105,0,9817,9817,0,9817,0,2023,,,,,0.3580060558807747,0.3580060558807747,0,0.3580060558807747,0,3.5800605588077477,3.5800605588077477,0,3.5800605588077477,0,,,,,,,,,,,,,,,,,,,,,,,,,,,,,,,,,,,,,,,,,,,,,,,,,,,,,,,,,,,,,,,,,,,,,,,,,,,
2021-01-02,2021-01-03 08:00,14616,14616,0,14616,0,14616,14616,0,14616,0,0,0,0,0,0,0,0,0,0,0,0,0,0,0,0,9817,9817,0,9817,0,3647,3647,0,3647,0,105,105,0,105,0,10968,10968,0,10968,0,1443,,,,,0.39831137343026596,0.39831137343026596,0,0.39831137343026596,0,3.9831137343026595,3.9831137343026595,0,3.9831137343026595,0,,,,,,,,,,,,,,,,,,,,,,,,,,,,,,,,,,,,,,,,,,,,,,,,,,,,,,,,,,,,,,,,,,,,,,,,,,,
2021-01-03,2021-01-04 12:00,17758,17758,0,17758,0,17758,17758,0,17758,0,0,0,0,0,0,0,0,0,0,0,0,0,0,0,0,10507,10507,0,10507,0,6132,6132,0,6132,0,105,105,0,105,0,11625,11625,0,11625,0,935,,,,,0.4839363279539315,0.4839363279539315,0,0.4839363279539315,0,4.839363279539315,4.839363279539315,0,4.839363279539315,0,,,,,,,,,,,,,,,,,,,,,,,,,,,,,,,,,,,,,,,,,,,,,,,,,,,,,,,,,,,,,,,,,,,,,,,,,,,
2021-01-04,2021-01-05 12:00,19389,19389,0,19389,0,19389,19389,0,19389,0,0,0,0,0,0,0,0,0,0,0,0,0,0,0,0,11608,11608,0,11608,0,6783,6783,0,6783,0,105,105,0,105,0,12575,12575,0,12575,0,1631,,,,,0.528383909375987,0.528383909375987,0,0.528383909375987,0,5.2838390937598705,5.28383909375987,0,5.2838390937598705,0,,,,,,,,,,,,,,,,,,,,,,,,,,,,,,,,,,,,,,,,,,,,,,,,,,,,,,,,,,,,,,,,,,,,,,,,,,,
2021-01-05,2021-01-06 11:00,21955,21955,0,21955,0,21955,21955,0,21955,0,0,0,0,0,0,0,0,0,0,0,0,0,0,0,0,13487,13487,0,13487,0,7648,7648,0,7648,0,105,105,0,105,0,14247,14247,0,14247,0,2566,,,,,0.598311863961514,0.598311863961514,0,0.598311863961514,0,5.98311863961514,5.983118639615141,0,5.98311863961514,0,,,,,,,,,,,,,,,,,,,,,,,,,,,,,,,,,,,,,,,,,,,,,,,,,,,,,,,,,,,,,,,,,,,,,,,,,,,
2021-01-06,2021-01-07 11:00,24159,24159,0,24159,0,24159,24159,0,24159,0,0,0,0,0,0,0,0,0,0,0,0,0,0,0,0,15037,15037,0,15037,0,8402,8402,0,8402,0,105,105,0,105,0,15272,15272,0,15272,0,2204,,,,,0.658374690113697,0.658374690113697,0,0.658374690113697,0,6.58374690113697,6.583746901136969,0,6.58374690113697,0,,,,,,,,,,,,,,,,,,,,,,,,,,,,,,,,,,,,,,,,,,,,,,,,,,,,,,,,,,,,,,,,,,,,,,,,,,,
2021-01-07,2021-01-08 11:00,26406,26406,0,26406,0,26406,26406,0,26406,0,0,0,0,0,0,0,0,0,0,0,0,0,0,0,0,16673,16673,0,16673,0,9109,9109,0,9109,0,105,105,0,105,0,16773,16773,0,16773,0,2247,,,,,0.7196093409140396,0.7196093409140396,0,0.7196093409140396,0,7.196093409140396,7.196093409140396,0,7.196093409140396,0,,,,,,,,,,,,,,,,,,,,,,,,,,,,,,,,,,,,,,,,,,,,,,,,,,,,,,,,,,,,,,,,,,,,,,,,,,,
2021-01-08,2021-01-09 11:00,28871,28871,0,28871,0,28871,28871,0,28871,0,0,0,0,0,0,0,0,0,0,0,0,0,0,0,0,18591,18591,0,18591,0,9676,9676,0,9676,0,105,105,0,105,0,18171,18171,0,18171,0,2465,,,,,0.7867848701631915,0.7867848701631915,0,0.7867848701631915,0,7.867848701631916,7.867848701631916,0,7.867848701631916,0,,,,,,,,,,,,,,,,,,,,,,,,,,,,,,,,,,,,,,,,,,,,,,,,,,,,,,,,,,,,,,,,,,,,,,,,,,,
2021-01-10,2021-01-11 11:00,32014,32014,0,32014,0,32014,32014,0,32014,0,0,0,0,0,0,0,0,0,0,0,0,0,0,0,0,21120,21120,0,21120,0,10308,10308,0,10308,0,105,105,0,105,0,19661,19661,0,19661,0,1026,,,,,0.8724370764228608,0.8724370764228608,0,0.8724370764228608,0,8.724370764228608,8.724370764228608,0,8.724370764228608,0,,,,,,,,,,,,,,,,,,,,,,,,,,,,,,,,,,,,,,,,,,,,,,,,,,,,,,,,,,,,,,,,,,,,,,,,,,,
2021-01-11,2021-01-12 11:00,33798,33798,0,33798,0,33798,33798,0,33798,0,0,0,0,0,0,0,0,0,0,0,0,0,0,0,0,22634,22634,0,22634,0,10632,10632,0,10632,0,105,105,0,105,0,20422,20422,0,20422,0,1784,,,,,0.9210541734534844,0.9210541734534844,0,0.9210541734534844,0,9.210541734534845,9.210541734534843,0,9.210541734534845,0,,,,,,,,,,,,,,,,,,,,,,,,,,,,,,,,,,,,,,,,,,,,,,,,,,,,,,,,,,,,,,,,,,,,,,,,,,,
2021-01-12,2021-01-13 11:00,35893,35893,0,35893,0,35893,35893,0,35893,0,0,0,0,0,0,0,0,0,0,0,0,0,0,0,0,24446,24446,0,24446,0,11010,11010,0,11010,0,105,105,0,105,0,21428,21428,0,21428,0,2095,,,,,0.9781465603812627,0.9781465603812627,0,0.9781465603812627,0,9.781465603812627,9.781465603812626,0,9.781465603812627,0,,,,,,,,,,,,,,,,,,,,,,,,,,,,,,,,,,,,,,,,,,,,,,,,,,,,,,,,,,,,,,,,,,,,,,,,,,,
2021-01-13,2021-01-14 11:00,38408,38408,0,38408,0,38408,38408,0,38408,0,0,0,0,0,0,0,0,0,0,0,0,0,0,0,0,26527,26527,0,26527,0,11540,11540,0,11540,0,105,105,0,105,0,22520,22520,0,22520,0,2515,,,,,1.0466846764306004,1.0466846764306004,0,1.0466846764306004,0,10.466846764306004,10.466846764306004,0,10.466846764306004,0,,,,,,,,,,,,,,,,,,,,,,,,,,,,,,,,,,,,,,,,,,,,,,,,,,,,,,,,,,,,,,,,,,,,,,,,,,,
2021-01-14,2021-01-15 11:00,45998,45998,0,45998,0,45998,45998,0,45998,0,0,0,0,0,0,0,0,0,0,0,0,0,0,0,0,28323,28323,0,28323,0,17386,17386,0,17386,0,105,105,0,105,0,23282,23282,0,23282,0,2196,,,,,1.2535253526987804,1.2535253526987804,0,1.2535253526987804,0,12.535253526987804,12.535253526987804,0,12.535253526987804,0,,,,,,,,,,,,,,,,,,,,,,,,,,,,,,,,,,,,,,,,,,,,,,,,,,,,,,,,,,,,,,,,,,,,,,,,,,,
2021-01-15,2021-01-16 11:00,48544,48544,0,48544,0,48544,48544,0,48544,0,0,0,0,0,0,0,0,0,0,0,0,0,0,0,0,30563,30563,0,30563,0,17738,17738,0,17738,0,105,105,0,105,0,24288,24288,0,24288,0,2546,,,,,1.322908272564233,1.322908272564233,0,1.322908272564233,0,13.22908272564233,13.22908272564233,0,13.22908272564233,0,,,,,,,,,,,,,,,,,,,,,,,,,,,,,,,,,,,,,,,,,,,,,,,,,,,,,,,,,,,,,,,,,,,,,,,,,,,
2021-01-17,2021-01-18 11:00,54555,52622,1933,52622,1933,54095,52162,1933,52162,1933,460,460,0,460,0,0,0,0,0,0,0,0,0,0,0,35672,34017,1655,34017,1655,18625,18345,280,18345,280,105,105,0,105,0,26991,25336,1655,25336,1655,,1571,1933,,,1.4867184576825505,1.4340408519873737,0.0526776056951768,1.4340408519873737,0.0526776056951768,14.867184576825505,14.340408519873737,0.526776056951768,14.340408519873737,0.526776056951768,,,,,,,,,,,,,,,,,,,,,,,,,,,,,,,,,,,,,,,,,,,,,,,,,,,,,,,,,,,,,,,,,,,,,,,,,,,
2021-01-18,2021-01-19 14:00,59272,55134,4138,55134,4138,58637,54499,4138,54499,4138,635,635,0,635,0,0,0,0,0,0,0,0,0,0,0,39326,36186,3140,36186,3140,19777,18717,1060,18717,1060,105,105,0,105,0,28794,25739,3055,25739,3055,,2512,2205,,,1.6152648964120637,1.5024972128287002,0.11276768358336348,1.5024972128287002,0.11276768358336348,16.152648964120637,15.024972128287002,1.1276768358336346,15.024972128287002,1.1276768358336346,,,,,,,,,,,,,,,,,,,,,,,,,,,,,,,,,,,,,,,,,,,,,,,,,,,,,,,,,,,,,,,,,,,,,,,,,,,
2021-01-19,2021-01-20 10:00,63767,57184,6583,57184,6583,62967,56384,6583,56384,6583,800,800,0,800,0,0,0,0,0,0,0,0,0,0,0,43032,38195,4837,38195,4837,20046,18799,1247,18799,1247,136,108,28,108,28,31150,26239,4911,26239,4911,,2050,2445,,,1.7377614497487526,1.5583632716363114,0.17939817811244121,1.5583632716363114,0.17939817811244121,17.377614497487528,15.583632716363114,1.793981781124412,15.583632716363114,1.793981781124412,,,,,,,,,,,,,,,,,,,,,,,,,,,,,,,,,,,,,,,,,,,,,,,,,,,,,,,,,,,,,,,,,,,,,,,,,,,
2021-01-20,2021-01-21 10:00,68939,59567,9372,59567,9372,67995,58623,9372,58623,9372,944,944,0,944,0,0,0,0,0,0,0,0,0,0,0,46791,40253,6538,40253,6538,20431,18975,1456,18975,1456,136,108,28,108,28,33633,26718,6915,26718,6915,,2383,2789,,,1.8787074283599552,1.623304158533159,0.2554032698267961,1.623304158533159,0.2554032698267961,18.78707428359955,16.23304158533159,2.5540326982679615,16.23304158533159,2.5540326982679615,,,,,,,,,,,,,,,,,,,,,,,,,,,,,,,,,,,,,,,,,,,,,,,,,,,,,,,,,,,,,,,,,,,,,,,,,,,
2021-01-21,2021-01-22 10:00,76171,63677,12494,63677,12494,75072,62578,12494,62578,12494,1099,1099,0,1099,0,0,0,0,0,0,0,0,0,0,0,51238,42928,8310,42928,8310,23118,20346,2772,20346,2772,136,108,28,108,28,35903,27854,8049,27854,8049,,4110,3122,,,2.075791983138806,1.7353087935084184,0.34048318963038743,1.7353087935084184,0.34048318963038743,20.757919831388058,17.353087935084186,3.4048318963038744,17.353087935084186,3.4048318963038744,,,,,,,,,,,,,,,,,,,,,,,,,,,,,,,,,,,,,,,,,,,,,,,,,,,,,,,,,,,,,,,,,,,,,,,,,,,
2021-01-22,2021-01-23 10:00,83689,67960,15729,67960,15729,82425,66696,15729,66696,15729,1264,1264,0,1264,0,0,0,0,0,0,0,0,0,0,0,55753,45776,9977,45776,9977,25701,21650,4051,21650,4051,136,108,28,108,28,42153,30979,11174,30979,11174,,4283,3235,,,2.2806705344147185,1.8520279788123202,0.4286425556023983,1.8520279788123204,0.4286425556023983,22.806705344147186,18.520279788123204,4.286425556023983,18.520279788123204,4.286425556023983,,,,,,,,,,,,,,,,,,,,,,,,,,,,,,,,,,,,,,,,,,,,,,,,,,,,,,,,,,,,,,,,,,,,,,,,,,,
2021-01-24,2021-01-25 10:00,92763,74605,18158,74605,18158,91170,73012,18158,73012,18158,1593,1593,0,1593,0,0,0,0,0,0,0,0,0,0,0,63727,51867,11860,51867,11860,26616,22197,4419,22197,4419,136,108,28,108,28,44670,31435,13235,31435,13235,,3306,953,,,2.527952786912408,2.0331157645569915,0.4948370223554166,2.0331157645569915,0.4948370223554166,25.279527869124085,20.331157645569917,4.948370223554166,20.331157645569917,4.948370223554166,,,,,,,,,,,,,,,,,,,,,,,,,,,,,,,,,,,,,,,,,,,,,,,,,,,,,,,,,,,,,,,,,,,,,,,,,,,
2021-01-25,2021-01-26 10:00,97855,78060,19795,78060,19795,96097,76302,19795,76302,19795,1758,1758,0,1758,0,0,0,0,0,0,0,0,0,0,0,68167,55186,12981,55186,12981,27605,22535,5070,22535,5070,136,108,28,108,28,46147,31943,14204,31943,14204,,3455,1637,,,2.6667186266433136,2.1272705124498192,0.5394481141934944,2.1272705124498192,0.5394481141934944,26.667186266433138,21.272705124498195,5.3944811419349445,21.272705124498195,5.3944811419349445,,,,,,,,,,,,,,,,,,,,,,,,,,,,,,,,,,,,,,,,,,,,,,,,,,,,,,,,,,,,,,,,,,,,,,,,,,,
2021-01-26,2021-01-27 10:00,103639,81198,22441,81198,22441,101705,79264,22441,79264,22441,1934,1934,0,1934,0,0,0,0,0,0,0,0,0,0,0,73048,58189,14859,58189,14859,28471,22786,5685,22786,5685,136,108,28,108,28,47974,32102,15872,32102,15872,,3138,2646,,,2.8243426676887884,2.21278646002947,0.6115562076593184,2.21278646002947,0.6115562076593184,28.243426676887886,22.1278646002947,6.115562076593184,22.1278646002947,6.115562076593184,,,,,,,,,,,,,,,,,,,,,,,,,,,,,,,,,,,,,,,,,,,,,,,,,,,,,,,,,,,,,,,,,,,,,,,,,,,
2021-01-27,2021-01-28 10:00,108821,84111,24710,84111,24710,106744,82034,24710,82034,24710,2077,2077,0,2077,0,0,0,0,0,0,0,0,0,0,0,77348,60931,16417,60931,16417,29631,23144,6487,23144,6487,136,108,28,108,28,49298,32362,16936,32362,16936,,2913,2269,,,2.965561163660028,2.2921707670082854,0.6733903966517427,2.2921707670082854,0.6733903966517427,29.65561163660028,22.921707670082853,6.733903966517427,22.921707670082853,6.733903966517427,,,,,,,,,,,,,,,,,,,,,,,,,,,,,,,,,,,,,,,,,,,,,,,,,,,,,,,,,,,,,,,,,,,,,,,,,,,
2021-01-28,2021-01-29 10:00,113870,86860,27010,86860,27010,111661,84651,27010,84651,27010,2209,2209,0,2209,0,0,0,0,0,0,0,0,0,0,0,81075,63008,18067,63008,18067,30606,23366,7240,23366,7240,136,108,28,108,28,50443,32500,17943,32500,17943,,2749,2300,,,3.103155178742774,2.3670857892824917,0.7360693894602821,2.3670857892824917,0.7360693894602821,31.031551787427738,23.670857892824916,7.360693894602821,23.670857892824916,7.360693894602821,,,,,,,,,,,,,,,,,,,,,,,,,,,,,,,,,,,,,,,,,,,,,,,,,,,,,,,,,,,,,,,,,,,,,,,,,,,
2021-01-29,2021-01-30 10:00,121590,91948,29642,91948,29642,119248,89606,29642,89606,29642,2342,2342,0,2342,0,0,0,0,0,0,0,0,0,0,0,85543,65564,19979,65564,19979,31457,23607,7850,23607,7850,136,108,28,108,28,51988,32679,19309,32679,19309,,5088,2632,,,3.3135385806914366,2.5057426220693824,0.8077959586220541,2.5057426220693824,0.8077959586220541,33.135385806914364,25.057426220693824,8.07795958622054,25.057426220693824,8.07795958622054,,,,,,,,,,,,,,,,,,,,,,,,,,,,,,,,,,,,,,,,,,,,,,,,,,,,,,,,,,,,,,,,,,,,,,,,,,,
2021-01-31,2021-02-01 10:00,130266,97440,32826,97440,32826,127648,94822,32826,94822,32826,2618,2618,0,2618,0,0,0,0,0,0,0,0,0,0,0,92982,70467,22515,70467,22515,32765,24252,8513,24252,8513,136,108,28,108,28,53827,33012,20815,33012,20815,,2769,1049,,,3.5499746422596488,2.655409156201773,0.8945654860578756,2.655409156201773,0.8945654860578756,35.49974642259649,26.554091562017728,8.945654860578756,26.554091562017728,8.945654860578756,,,,,,,,,,,,,,,,,,,,,,,,,,,,,,,,,,,,,,,,,,,,,,,,,,,,,,,,,,,,,,,,,,,,,,,,,,,
2021-02-01,2021-02-02 10:00,134937,100283,34654,100283,34654,132175,97521,34654,97521,34654,2762,2762,0,2762,0,0,0,0,0,0,0,0,0,0,0,97111,73051,24060,73051,24060,33352,24486,8866,24486,8866,136,108,28,108,28,54746,33152,21594,33152,21594,,2843,1828,,,3.6772675011329907,2.7328858416603286,0.9443816594726625,2.7328858416603286,0.9443816594726625,36.77267501132991,27.328858416603282,9.443816594726625,27.328858416603282,9.443816594726625,,,,,,,,,,,,,,,,,,,,,,,,,,,,,,,,,,,,,,,,,,,,,,,,,,,,,,,,,,,,,,,,,,,,,,,,,,,
2021-02-02,2021-02-03 10:00,140168,103404,36764,103404,36764,137250,100486,36764,100486,36764,2918,2918,0,2918,0,0,0,0,0,0,0,0,0,0,0,101750,75899,25851,75899,25851,34001,24764,9237,24764,9237,136,108,28,108,28,56678,33503,23175,33503,23175,,3121,2110,,,3.8198213321684125,2.8179385097279157,1.0018828224404965,2.817938509727916,1.0018828224404965,38.19821332168412,28.17938509727916,10.018828224404965,28.17938509727916,10.018828224404965,,,,,,,,,,,,,,,,,,,,,,,,,,,,,,,,,,,,,,,,,,,,,,,,,,,,,,,,,,,,,,,,,,,,,,,,,,,
2021-02-03,2021-02-04 10:00,145362,106021,39341,106021,39341,142280,102939,39341,102939,39341,3082,3082,0,3082,0,0,0,0,0,0,0,0,0,0,0,106242,78328,27914,78328,27914,34937,25015,9922,25015,9922,136,108,28,108,28,57807,33613,24194,33613,24194,,2617,2577,,,3.9613668489716964,2.889256302849632,1.0721105461220644,2.889256302849632,1.0721105461220644,39.613668489716964,28.892563028496323,10.721105461220644,28.892563028496323,10.721105461220644,,,,,,,,,,,,,,,,,,,,,,,,,,,,,,,,,,,,,,,,,,,,,,,,,,,,,,,,,,,,,,,,,,,,,,,,,,,
2021-02-04,2021-02-05 10:00,150018,108465,41553,108465,41553,146781,105228,41553,105228,41553,3237,3237,0,3237,0,0,0,0,0,0,0,0,0,0,0,110120,80459,29661,80459,29661,35628,25295,10333,25295,10333,178,148,30,148,30,58909,33896,25013,33896,25013,,2444,2212,,,4.088250931804983,2.9558595456427064,1.132391386162277,2.9558595456427064,1.132391386162277,40.882509318049834,29.558595456427064,11.32391386162277,29.558595456427064,11.32391386162277,,,,,,,,,,,,,,,,,,,,,,,,,,,,,,,,,,,,,,,,,,,,,,,,,,,,,,,,,,,,,,,,,,,,,,,,,,,
2021-02-05,2021-02-06 10:00,155310,111227,44083,111227,44083,151914,107831,44083,107831,44083,3396,3396,0,3396,0,0,0,0,0,0,0,0,0,0,0,114645,82867,31778,82867,31778,36491,25692,10799,25692,10799,178,148,30,148,30,60367,34346,26021,34346,26021,,2762,2530,,,4.232467118736631,3.031128840484961,1.2013382782516704,3.031128840484961,1.2013382782516704,42.32467118736631,30.31128840484961,12.013382782516704,30.31128840484961,12.013382782516704,,,,,,,,,,,,,,,,,,,,,,,,,,,,,,,,,,,,,,,,,,,,,,,,,,,,,,,,,,,,,,,,,,,,,,,,,,,
2021-02-07,2021-02-08 11:00,171036,118021,53015,118021,53015,167357,114342,53015,114342,53015,3679,3679,0,3679,0,0,0,0,0,0,0,0,0,0,0,121850,87035,34815,87035,34815,45063,28396,16667,28396,16667,178,148,30,148,30,61774,34597,27177,34597,27177,,2396,1333,,,4.661027919131018,3.2162771348941854,1.4447507842368328,3.2162771348941854,1.4447507842368328,46.610279191310184,32.16277134894185,14.447507842368328,32.16277134894185,14.447507842368328,,,,,,,,,,,,,,,,,,,,,,,,,,,,,,,,,,,,,,,,,,,,,,,,,,,,,,,,,,,,,,,,,,,,,,,,,,,
2021-02-08,2021-02-09 10:00,175502,120017,55485,120017,55485,171690,116205,55485,116205,55485,3812,3812,0,3812,0,0,0,0,0,0,0,0,0,0,0,125596,88790,36806,88790,36806,45859,28654,17205,28654,17205,178,148,30,148,30,62427,34802,27625,34802,27625,,1996,2470,,,4.782734172123599,3.270671599957596,1.5120625721660035,3.270671599957596,1.5120625721660035,47.827341721235996,32.70671599957596,15.120625721660033,32.70671599957596,15.120625721660033,,,,,,,,,,,,,,,,,,,,,,,,,,,,,,,,,,,,,,,,,,,,,,,,,,,,,,,,,,,,,,,,,,,,,,,,,,,
2021-02-09,2021-02-10 10:00,179863,122135,57728,122135,57728,175930,118202,57728,118202,57728,3933,3933,0,3933,0,0,0,0,0,0,0,0,0,0,0,129351,90672,38679,90672,38679,46535,28927,17608,28927,17608,178,148,30,148,30,63036,35020,28016,35020,28016,,2118,2243,,,4.901578992835791,3.32839077681346,1.5731882160223314,3.32839077681346,1.5731882160223312,49.01578992835791,33.2839077681346,15.73188216022331,33.2839077681346,15.73188216022331,,,,,,,,,,,,,,,,,,,,,,,,,,,,,,,,,,,,,,,,,,,,,,,,,,,,,,,,,,,,,,,,,,,,,,,,,,,
2021-02-10,2021-02-11 10:00,184559,124426,60133,124426,60133,180296,120163,60133,120163,60133,4056,4056,0,4056,0,207,207,0,207,0,0,0,0,0,0,133201,92558,40643,92558,40643,47163,29326,17837,29326,17837,178,148,30,148,30,64054,35386,28668,35386,28668,,2291,2405,,,5.029553145109226,3.3908245039979663,1.6387286411112603,3.390824503997966,1.6387286411112605,50.295531451092266,33.90824503997966,16.387286411112605,33.90824503997966,16.387286411112605,,,,,,,,,,,,,,,,,,,,,,,,,,,,,,,,,,,,,,,,,,,,,,,,,,,,,,,,,,,,,,,,,,,,,,,,,,,
2021-02-11,2021-02-12 10:00,189170,126121,63049,126121,63049,184625,121576,63049,121576,63049,4176,4176,0,4176,0,369,369,0,369,0,0,0,0,0,0,136968,93830,43138,93830,43138,48055,29758,18297,29758,18297,178,148,30,148,30,64673,35808,28865,35808,28865,,1695,2916,,,5.155210899822346,3.437016196524259,1.7181947032980867,3.437016196524259,1.7181947032980869,51.55210899822346,34.37016196524259,17.18194703298087,34.37016196524259,17.18194703298087,,,,,,,,,,,,,,,,,,,,,,,,,,,,,,,,,,,,,,,,,,,,,,,,,,,,,,,,,,,,,,,,,,,,,,,,,,,
2021-02-12,2021-02-13 08:00,196314,127951,68363,127951,68363,191506,123143,68363,123143,68363,4209,4209,0,4209,0,599,599,0,599,0,0,0,0,0,0,141034,95140,45894,95140,45894,48627,30248,18379,30248,18379,2758,150,2608,150,2608,65649,36490,29159,36490,29159,,1830,5314,,,5.34989730183287,3.4868868734110534,1.8630104284218165,3.4868868734110534,1.8630104284218165,53.4989730183287,34.868868734110535,18.630104284218167,34.868868734110535,18.630104284218167,,,,,,,,,,,,,,,,,,,,,,,,,,,,,,,,,,,,,,,,,,,,,,,,,,,,,,,,,,,,,,,,,,,,,,,,,,,
2021-02-14,2021-02-15 08:00,205038,130316,74722,130316,74722,199814,125092,74722,125092,74722,4234,4234,0,4234,0,990,990,0,990,0,0,0,0,0,0,148624,96747,51877,96747,51877,52782,31061,21721,31061,21721,180,150,30,150,30,66820,37049,29771,37049,29771,,996,3175,,,5.58764144672926,3.551337229059834,2.036304217669426,3.5513372290598344,2.036304217669426,55.876414467292605,35.51337229059834,20.36304217669426,35.51337229059834,20.36304217669426,,,,,,,,,,,,,,,,,,,,,,,,,,,,,,,,,,,,,,,,,,,,,,,,,,,,,,,,,,,,,,,,,,,,,,,,,,,
2021-02-15,2021-02-16 08:00,210345,132204,78141,132204,78141,204954,126813,78141,126813,78141,4257,4257,0,4257,0,1134,1134,0,1134,0,0,0,0,0,0,153332,98211,55121,98211,55121,53418,31449,21969,31449,21969,180,150,30,150,30,67913,37764,30149,37764,30149,,1888,3419,,,5.732266409700964,3.6027885066348437,2.1294779030661197,3.6027885066348437,2.12947790306612,57.32266409700964,36.02788506634844,21.2947790306612,36.02788506634844,21.2947790306612,,,,,,,,,,,,,,,,,,,,,,,,,,,,,,,,,,,,,,,,,,,,,,,,,,,,,,,,,,,,,,,,,,,,,,,,,,,
2021-02-16,2021-02-17 10:00,220234,139157,81077,139157,81077,209693,128616,81077,128616,81077,4274,4274,0,4274,0,6267,6267,0,6267,0,0,0,0,0,0,157599,99693,57906,99693,57906,59346,36952,22394,36952,22394,180,150,30,150,30,68668,38422,30246,38422,30246,,6953,2936,,,6.001758827041679,3.792269827068659,2.2094889999730207,3.792269827068659,2.2094889999730207,60.017588270416795,37.92269827068659,22.094889999730206,37.92269827068659,22.094889999730206,,,,,,,,,,,,,,,,,,,,,,,,,,,,,,,,,,,,,,,,,,,,,,,,,,,,,,,,,,,,,,,,,,,,,,,,,,,
2021-02-17,2021-02-18 08:00,225470,141437,84033,141437,84033,214528,130495,84033,130495,84033,4424,4424,0,4424,0,6518,6518,0,6518,0,0,0,0,0,0,161934,101321,60613,101321,60613,60481,37668,22813,37668,22813,180,150,30,150,30,69821,39210,30611,39210,30611,,2280,2956,,,6.14444891675712,3.8544037851571242,2.290045131599996,3.854403785157124,2.290045131599996,61.4444891675712,38.54403785157124,22.90045131599996,38.54403785157124,22.90045131599996,,,,,,,,,,,,,,,,,,,,,,,,,,,,,,,,,,,,,,,,,,,,,,,,,,,,,,,,,,,,,,,,,,,,,,,,,,,
2021-02-18,2021-02-19 08:00,230346,143537,86809,143537,86809,219050,132241,86809,132241,86809,4558,4558,0,4558,0,6738,6738,0,6738,0,0,0,0,0,0,166180,102946,63234,102946,63234,61337,38201,23136,38201,23136,180,150,30,150,30,70396,39522,30874,39522,30874,,2100,2776,,,6.277328381511223,3.9116324307649206,2.3656959507463027,3.9116324307649206,2.3656959507463022,62.77328381511223,39.11632430764921,23.656959507463025,39.11632430764921,23.656959507463025,,,,,,,,,,,,,,,,,,,,,,,,,,,,,,,,,,,,,,,,,,,,,,,,,,,,,,,,,,,,,,,,,,,,,,,,,,,
2021-02-19,2021-02-20 08:00,235543,145884,89659,145884,89659,223620,133961,89659,133961,89659,4704,4704,0,4704,0,7219,7219,0,7219,0,0,0,0,0,0,170430,104560,65870,104560,65870,62307,38947,23360,38947,23360,180,150,30,150,30,71183,39880,31303,39880,31303,,2347,2850,,,6.418955653522518,3.9755922551656346,2.4433633983568837,3.9755922551656346,2.4433633983568837,64.18955653522518,39.75592255165635,24.43363398356884,39.75592255165635,24.43363398356884,,,,,,,,,,,,,,,,,,,,,,,,,,,,,,,,,,,,,,,,,,,,,,,,,,,,,,,,,,,,,,,,,,,,,,,,,,,
2021-02-21,2021-02-22 08:00,245846,150887,94959,150887,94959,232193,137234,94959,137234,94959,4986,4986,0,4986,0,8667,8667,0,8667,0,0,0,0,0,0,178491,107654,70837,107654,70837,65191,41120,24071,41120,24071,180,150,30,150,30,71879,40245,31634,40245,31634,,2437,2663,,,6.699730289568771,4.1119326903922095,2.5877975991765614,4.1119326903922095,2.5877975991765614,66.99730289568771,41.119326903922094,25.877975991765616,41.119326903922094,25.877975991765616,,,,,,,,,,,,,,,,,,,,,,,,,,,,,,,,,,,,,,,,,,,,,,,,,,,,,,,,,,,,,,,,,,,,,,,,,,,
2021-02-22,2021-02-23 08:00,257171,155426,101745,155426,101745,238756,138796,99960,138796,99960,6922,5137,1785,5137,1785,11493,11493,0,11493,0,0,0,0,0,0,182632,109142,73490,109142,73490,70864,44258,26606,44258,26606,180,150,30,150,30,72238,40461,31777,40461,31777,,4539,5166,,,7.008356199810819,4.2356283201130625,2.7727278796977566,4.235628320113062,2.7727278796977566,70.08356199810818,42.35628320113062,27.727278796977565,42.35628320113062,27.727278796977565,,,,,,,,,,,,,,,,,,,,,,,,,,,,,,,,,,,,,,,,,,,,,,,,,,,,,,,,,,,,,,,,,,,,,,,,,,,
2021-02-23,2021-02-24 08:00,262371,157559,104812,157559,104812,243227,140364,102863,140364,102863,7226,5277,1949,5277,1949,11918,11918,0,11918,0,0,0,0,0,0,186903,110629,76274,110629,76274,71941,45030,26911,45030,26911,180,150,30,150,30,72828,40725,32103,40725,32103,,2133,3067,,,7.150065227030125,4.293756273008982,2.8563089540211433,4.293756273008982,2.8563089540211437,71.50065227030125,42.937562730089816,28.563089540211436,42.937562730089816,28.563089540211436,,,,,,,,,,,,,,,,,,,,,,,,,,,,,,,,,,,,,,,,,,,,,,,,,,,,,,,,,,,,,,,,,,,,,,,,,,,
2021-02-24,2021-02-25 08:00,268034,160458,107576,160458,107576,247515,142042,105473,142042,105473,7540,5437,2103,5437,2103,12979,12979,0,12979,0,0,0,0,0,0,191061,112335,78726,112335,78726,73649,46394,27255,46394,27255,180,150,30,150,30,73216,40965,32251,40965,32251,,2899,2764,,,7.30439180801915,4.372759055683745,2.931632752335406,4.372759055683745,2.9316327523354055,73.0439180801915,43.72759055683745,29.316327523354058,43.72759055683745,29.316327523354058,,,,,,,,,,,,,,,,,,,,,,,,,,,,,,,,,,,,,,,,,,,,,,,,,,,,,,,,,,,,,,,,,,,,,,,,,,,
2021-02-25,2021-02-26 10:00,274314,164172,110142,164172,110142,253184,145275,107909,145275,107909,7894,5661,2233,5661,2233,13236,13236,0,13236,0,0,0,0,0,0,196297,115440,80857,115440,80857,77845,50222,27623,50222,27623,180,150,30,150,30,73804,41188,32616,41188,32616,,3714,2566,,,7.475532710122467,4.473972003201534,3.0015607069209325,4.473972003201534,3.0015607069209325,74.75532710122467,44.73972003201534,30.015607069209327,44.73972003201534,30.015607069209327,,,,,,,,,,,,,,,,,,,,,,,,,,,,,,,,,,,,,,,,,,,,,,,,,,,,,,,,,,,,,,,,,,,,,,,,,,,
2021-02-26,2021-02-27 08:00,281860,168870,112990,168870,112990,259272,148645,110627,148645,110627,8259,5896,2363,5896,2363,14329,14329,0,14329,0,0,0,0,0,0,201912,118647,83265,118647,83265,80030,52049,27981,52049,27981,180,150,30,150,30,74754,41548,33206,41548,33206,,4698,2848,,,7.681174310006483,4.602000658946976,3.0791736510595067,4.602000658946976,3.0791736510595067,76.81174310006483,46.020006589469766,30.791736510595065,46.020006589469766,30.791736510595065,,,,,,,,,,,,,,,,,,,,,,,,,,,,,,,,,,,,,,,,,,,,,,,,,,,,,,,,,,,,,,,,,,,,,,,,,,,
2021-02-28,2021-03-01 08:00,302969,185086,117883,185086,117883,270097,154847,115250,154847,115250,9003,6370,2633,6370,2633,23869,23869,0,23869,0,0,0,0,0,0,212613,125251,87362,125251,87362,88770,59894,28876,59894,28876,180,150,30,150,30,75256,41801,33455,41801,33455,,8676,2348,,,8.256431205308855,5.043914809983183,3.2125163953256735,5.043914809983183,3.212516395325673,82.56431205308856,50.43914809983183,32.12516395325673,50.43914809983183,32.12516395325673,,,,,,,,,,,,,,,,,,,,,,,,,,,,,,,,,,,,,,,,,,,,,,,,,,,,,,,,,,,,,,,,,,,,,,,,,,,
2021-03-01,2021-03-02 08:00,310159,190212,119947,190212,119947,275839,158664,117175,158664,117175,9381,6609,2772,6609,2772,24939,24939,0,24939,0,0,0,0,0,0,218241,129080,89161,129080,89161,90491,61407,29084,61407,29084,180,150,30,150,30,75909,42165,33744,42165,33744,,5126,2064,,,8.452371187175551,5.183607208738215,3.2687639784373363,5.183607208738215,3.2687639784373363,84.52371187175551,51.83607208738215,32.68763978437337,51.83607208738215,32.68763978437337,,,,,,,,,,,,,,,,,,,,,,,,,,,,,,,,,,,,,,,,,,,,,,,,,,,,,,,,,,,,,,,,,,,,,,,,,,,
2021-03-02,2021-03-03 10:00,317240,195186,122054,195186,122054,281488,162356,119132,162356,119132,9754,6832,2922,6832,2922,25998,25998,0,25998,0,0,0,0,0,0,223783,132747,91036,132747,91036,92206,62939,29267,62939,29267,180,150,30,150,30,76457,42411,34046,42411,34046,,4974,2107,,,8.64534072981784,5.319157343620682,3.326183386197159,5.319157343620682,3.326183386197159,86.45340729817842,53.191573436206816,33.261833861971596,53.191573436206816,33.261833861971596,,,,,,,,,,,,,,,,,,,,,,,,,,,,,,,,,,,,,,,,,,,,,,,,,,,,,,,,,,,,,,,,,,,,,,,,,,,
2021-03-03,2021-03-04 08:00,325169,201025,124144,201025,124144,287361,166199,121162,166199,121162,10705,7723,2982,7723,2982,27103,27103,0,27103,0,0,0,0,0,0,230027,137085,92942,137085,92942,94257,64698,29559,64698,29559,180,150,30,150,30,77061,42669,34392,42669,34392,,5839,2090,,,8.861419744591279,5.478280230146361,3.383139514444919,5.478280230146361,3.383139514444919,88.6141974459128,54.78280230146361,33.83139514444919,54.78280230146361,33.83139514444919,,,,,,,,,,,,,,,,,,,,,,,,,,,,,,,,,,,,,,,,,,,,,,,,,,,,,,,,,,,,,,,,,,,,,,,,,,,
2021-03-04,2021-03-05 08:00,333422,207729,125693,207729,125693,293498,170933,122565,170933,122565,11742,8614,3128,8614,3128,28182,28182,0,28182,0,0,0,0,0,0,236493,142291,94202,142291,94202,96307,66478,29829,66478,29829,180,150,30,150,30,77678,42869,34809,42869,34809,,6704,1549,,,9.086328321829921,5.660975868315251,3.42535245351467,5.660975868315251,3.42535245351467,90.86328321829922,56.60975868315251,34.2535245351467,56.60975868315251,34.2535245351467,,,,,,,,,,,,,,,,,,,,,,,,,,,,,,,,,,,,,,,,,,,,,,,,,,,,,,,,,,,,,,,,,,,,,,,,,,,
2021-03-05,2021-03-06 08:00,342146,214746,127400,214746,127400,299895,175775,124120,175775,124120,12813,9533,3280,9533,3280,29438,29438,0,29438,0,0,0,0,0,0,243106,147529,95577,147529,95577,98672,68542,30130,68542,30130,180,150,30,150,30,78800,43062,35738,43062,35738,,7017,1707,,,9.324072466726312,5.852201299853304,3.4718711668730076,5.852201299853304,3.4718711668730076,93.24072466726312,58.522012998533036,34.71871166873008,58.522012998533036,34.71871166873008,,,,,,,,,,,,,,,,,,,,,,,,,,,,,,,,,,,,,,,,,,,,,,,,,,,,,,,,,,,,,,,,,,,,,,,,,,,
2021-03-07,2021-03-08 08:00,358989,229311,129678,229311,129678,311535,185421,126114,185421,126114,14923,11359,3564,11359,3564,32531,32531,0,32531,0,0,0,0,0,0,254912,157730,97182,157730,97182,104076,73479,30597,73479,30597,180,150,30,150,30,79544,43278,36266,43278,36266,,7276,994,,,9.783073456236846,6.24912283474738,3.5339506214894656,6.24912283474738,3.5339506214894656,97.83073456236846,62.49122834747381,35.339506214894655,62.49122834747381,35.339506214894655,,,,,,,,,,,,,,,,,,,,,,,,,,,,,,,,,,,,,,,,,,,,,,,,,,,,,,,,,,,,,,,,,,,,,,,,,,,
2021-03-08,2021-03-09 08:00,368150,236782,131368,236782,131368,317917,190249,127668,190249,127668,15967,12267,3700,12267,3700,34266,34266,0,34266,0,0,0,0,0,0,261953,163335,98618,163335,98618,106564,75684,30880,75684,30880,180,150,30,150,30,80079,43301,36778,43301,36778,,7471,1690,,,10.03272660976686,6.452720554431118,3.5800060553357405,6.452720554431119,3.58000605533574,100.32726609766858,64.52720554431119,35.8000605533574,64.52720554431119,35.8000605533574,,,,,,,,,,,,,,,,,,,,,,,,,,,,,,,,,,,,,,,,,,,,,,,,,,,,,,,,,,,,,,,,,,,,,,,,,,,
2021-03-09,2021-03-10 08:00,377427,244174,133253,244174,133253,324739,195308,129431,195308,129431,16992,13170,3822,13170,3822,35696,35696,0,35696,0,0,0,0,0,0,269219,169069,100150,169069,100150,108760,77515,31245,77515,31245,180,150,30,150,30,80973,43554,37419,43554,37419,,7392,1885,,,10.285540964673302,6.654165386970563,3.6313755777027383,6.654165386970564,3.6313755777027388,102.85540964673302,66.54165386970564,36.31375577702739,66.54165386970564,36.31375577702739,,,,,,,,,,,,,,,,,,,,,,,,,,,,,,,,,,,,,,,,,,,,,,,,,,,,,,,,,,,,,,,,,,,,,,,,,,,
2021-03-10,2021-03-11 08:00,387109,251855,135254,251855,135254,331400,200089,131311,200089,131311,18021,14078,3943,14078,3943,37688,37688,0,37688,0,0,0,0,0,0,276583,174886,101697,174886,101697,111258,79618,31640,79618,31640,180,150,30,150,30,81786,43832,37954,43832,37954,,7681,2001,,,10.54939227266125,6.8634859712150815,3.6859063014461677,6.8634859712150815,3.6859063014461677,105.4939227266125,68.63485971215081,36.859063014461675,68.63485971215081,36.859063014461675,,,,,,,,,,,,,,,,,,,,,,,,,,,,,,,,,,,,,,,,,,,,,,,,,,,,,,,,,,,,,,,,,,,,,,,,,,,
2021-03-11,2021-03-12 08:00,397417,260284,137133,260284,137133,338194,205124,133070,205124,133070,19028,14965,4063,14965,4063,40195,40195,0,40195,0,0,0,0,0,0,284301,181014,103287,181014,103287,114256,82263,31993,82263,31993,180,150,30,150,30,82204,43976,38228,43976,38228,,8429,1879,,,10.83030316738752,7.093190853990376,3.7371123133971444,7.093190853990376,3.737112313397144,108.30303167387521,70.93190853990376,37.371123133971444,70.93190853990376,37.371123133971444,,,,,,,,,,,,,,,,,,,,,,,,,,,,,,,,,,,,,,,,,,,,,,,,,,,,,,,,,,,,,,,,,,,,,,,,,,,
2021-03-12,2021-03-13 08:00,407773,268888,138885,268888,138885,344655,209868,134787,209868,134787,20048,15950,4098,15950,4098,43070,43070,0,43070,0,0,0,0,0,0,292156,187410,104746,187410,104746,117712,85398,32314,85398,32314,180,150,30,150,30,82716,44202,38514,44202,38514,,8604,1752,,,11.11252214544197,7.327664790566321,3.784857354875649,7.327664790566321,3.784857354875649,111.1252214544197,73.27664790566321,37.84857354875649,73.27664790566321,37.84857354875649,,,,,,,,,,,,,,,,,,,,,,,,,,,,,,,,,,,,,,,,,,,,,,,,,,,,,,,,,,,,,,,,,,,,,,,,,,,
2021-03-14,2021-03-15 08:00,437312,295039,142273,295039,142273,357841,219692,138149,219692,138149,22075,17951,4124,17951,4124,57396,57396,0,57396,0,0,0,0,0,0,307703,200279,107424,200279,107424,133339,100193,33146,100193,33146,180,150,30,150,30,83240,44375,38865,44375,38865,,9153,1623,,,11.917511175255642,8.040324938799413,3.877186236456228,8.040324938799413,3.877186236456228,119.17511175255642,80.40324938799414,38.77186236456228,80.40324938799414,38.77186236456228,,,,,,,,,,,,,,,,,,,,,,,,,,,,,,,,,,,,,,,,,,,,,,,,,,,,,,,,,,,,,,,,,,,,,,,,,,,
2021-03-15,2021-03-16 08:00,447470,303637,143833,303637,143833,364603,224920,139683,224920,139683,23098,18948,4150,18948,4150,59769,59769,0,59769,0,0,0,0,0,0,315307,206583,108724,206583,108724,136017,102573,33444,102573,33444,180,150,30,150,30,84187,45126,39061,45126,39061,,8598,1560,,,12.194334309581356,8.274635364959336,3.91969894462202,8.274635364959336,3.9196989446220196,121.94334309581356,82.74635364959336,39.1969894462202,82.74635364959336,39.1969894462202,,,,,,,,,,,,,,,,,,,,,,,,,,,,,,,,,,,,,,,,,,,,,,,,,,,,,,,,,,,,,,,,,,,,,,,,,,,
2021-03-16,2021-03-17 08:00,455123,309722,145401,309722,145401,371248,230016,141232,230016,141232,24106,19937,4169,19937,4169,59769,59769,0,59769,0,0,0,0,0,0,322255,212215,110040,212215,110040,136951,103196,33755,103196,33755,180,150,30,150,30,84606,45284,39322,45284,39322,,6085,1568,,,12.40289184521777,8.440462178541928,3.9624296666758414,8.440462178541928,3.9624296666758414,124.0289184521777,84.40462178541928,39.62429666675841,84.40462178541928,39.62429666675841,,,,,,,,,,,,,,,,,,,,,,,,,,,,,,,,,,,,,,,,,,,,,,,,,,,,,,,,,,,,,,,,,,,,,,,,,,,
2021-03-17,2021-03-18 08:00,464241,316985,147256,316985,147256,378206,235272,142934,235272,142934,26266,21944,4322,21944,4322,59769,59769,0,59769,0,0,0,0,0,0,330594,218963,111631,218963,111631,137589,103659,33930,103659,33930,180,150,30,150,30,85203,45655,39548,45655,39548,,7263,1855,,,12.651373174099623,8.638391537136894,4.012981636962729,8.638391537136895,4.012981636962729,126.51373174099623,86.38391537136894,40.129816369627285,86.38391537136894,40.129816369627285,,,,,,,,,,,,,,,,,,,,,,,,,,,,,,,,,,,,,,,,,,,,,,,,,,,,,,,,,,,,,,,,,,,,,,,,,,,
2021-03-18,2021-03-19 08:00,473506,322960,150546,322960,150546,385276,239186,146090,239186,146090,28461,24005,4456,24005,4456,59769,59769,0,59769,0,0,0,0,0,0,338915,224345,114570,224345,114570,138889,104405,34484,104405,34484,180,150,30,150,30,85717,45950,39767,45950,39767,,5975,3290,,,12.903860508174022,8.801220659759078,4.102639848414944,8.801220659759078,4.102639848414944,129.03860508174023,88.01220659759079,41.02639848414944,88.01220659759079,41.02639848414944,,,,,,,,,,,,,,,,,,,,,,,,,,,,,,,,,,,,,,,,,,,,,,,,,,,,,,,,,,,,,,,,,,,,,,,,,,,
2021-03-19,2021-03-20 08:00,483246,329583,153663,329583,153663,391595,242525,149070,242525,149070,30596,26003,4593,26003,4593,61055,61055,0,61055,0,0,0,0,0,0,346827,229530,117297,229530,117297,141143,106027,35116,106027,35116,180,150,30,150,30,85719,45952,39767,45952,39767,,6623,3117,,,13.169292416850185,8.981708907311669,4.187583509538516,8.981708907311669,4.187583509538516,131.69292416850183,89.81708907311668,41.87583509538516,89.81708907311668,41.87583509538516,,,,,,,,,,,,,,,,,,,,,,,,,,,,,,,,,,,,,,,,,,,,,,,,,,,,,,,,,,,,,,,,,,,,,,,,,,,
2021-03-21,2021-03-22 08:00,507197,346758,160439,346758,160439,405429,249862,155567,249862,155567,34906,30034,4872,30034,4872,66862,66862,0,66862,0,0,0,0,0,0,364679,241578,123101,241578,123101,148052,111657,36395,111657,36395,1252,1189,63,1189,63,86584,46354,40230,46354,40230,,8491,3691,,,13.82199874587511,9.449757473175435,4.372241272699674,9.449757473175435,4.372241272699674,138.2199874587511,94.49757473175436,43.722412726996744,94.49757473175436,43.722412726996744,,,,,,,,,,,,,,,,,,,,,,,,,,,,,,,,,,,,,,,,,,,,,,,,,,,,,,,,,,,,,,,,,,,,,,,,,,,
2021-03-22,2021-03-23 08:00,518679,354330,164349,354330,164349,412391,253068,159323,253068,159323,37078,32052,5026,32052,5026,69210,69210,0,69210,0,0,0,0,0,0,373584,246958,126626,246958,126626,150586,113707,36879,113707,36879,2023,1909,114,1909,114,87317,46807,40510,46807,40510,,7572,3910,,,14.13490317866974,9.656107618195547,4.478795560474191,9.656107618195549,4.478795560474191,141.3490317866974,96.56107618195549,44.78795560474191,96.56107618195549,44.78795560474191,,,,,,,,,,,,,,,,,,,,,,,,,,,,,,,,,,,,,,,,,,,,,,,,,,,,,,,,,,,,,,,,,,,,,,,,,,,
2021-03-23,2021-03-24 08:00,530867,362711,168156,362711,168156,419329,256345,162984,256345,162984,39250,34078,5172,34078,5172,72288,72288,0,72288,0,0,0,0,0,0,382824,252777,130047,252777,130047,153526,116156,37370,116156,37370,2947,2810,137,2810,137,87996,47310,40686,47310,40686,,8381,3807,,,14.46704733708299,9.884504417642665,4.582542919440326,9.884504417642665,4.582542919440326,144.6704733708299,98.84504417642665,45.825429194403256,98.84504417642665,45.825429194403256,,,,,,,,,,,,,,,,,,,,,,,,,,,,,,,,,,,,,,,,,,,,,,,,,,,,,,,,,,,,,,,,,,,,,,,,,,,
2021-03-24,2021-03-25 08:00,543356,371582,171774,371582,171774,426163,259717,166446,259717,166446,41108,35780,5328,35780,5328,76085,76085,0,76085,0,0,0,0,0,0,392543,259202,133341,259202,133341,156399,118612,37787,118612,37787,2947,2810,137,2810,137,87996,47310,40686,47310,40686,,8871,3618,,,14.80739426803336,10.1262545677316,4.681139700301759,10.126254567731602,4.681139700301759,148.0739426803336,101.26254567731601,46.81139700301758,101.26254567731601,46.81139700301758,,,,,,,,,,,,,,,,,,,,,,,,,,,,,,,,,,,,,,,,,,,,,,,,,,,,,,,,,,,,,,,,,,,,,,,,,,,
2021-03-25,2021-03-26 08:00,561869,385575,176294,385575,176294,433636,262890,170746,262890,170746,42392,36844,5548,36844,5548,85841,85841,0,85841,0,0,0,0,0,0,404087,266552,137535,266552,137535,162527,124321,38206,124321,38206,4365,4198,167,4198,167,87996,47310,40686,47310,40686,,13993,4520,,,15.311905656670094,10.507588109631554,4.804317547038541,10.507588109631554,4.80431754703854,153.11905656670095,105.07588109631554,48.0431754703854,105.07588109631554,48.0431754703854,,,,,,,,,,,,,,,,,,,,,,,,,,,,,,,,,,,,,,,,,,,,,,,,,,,,,,,,,,,,,,,,,,,,,,,,,,,
2021-03-26,2021-03-27 08:00,579095,397207,181888,397207,181888,442872,266766,176106,266766,176106,43682,37900,5782,37900,5782,92541,92541,0,92541,0,0,0,0,0,0,415814,273338,142476,273338,142476,167607,128348,39259,128348,39259,5830,5634,196,5634,196,89716,48497,41219,48497,41219,,11632,5594,,,15.781344061070051,10.82458030282674,4.9567637582433095,10.82458030282674,4.9567637582433095,157.8134406107005,108.2458030282674,49.56763758243309,108.2458030282674,49.56763758243309,,,,,,,,,,,,,,,,,,,,,,,,,,,,,,,,,,,,,,,,,,,,,,,,,,,,,,,,,,,,,,,,,,,,,,,,,,,
2021-03-28,2021-03-29 08:00,607523,415631,191892,415631,191892,458410,272771,185639,272771,185639,46235,39982,6253,39982,6253,102878,102878,0,102878,0,0,0,0,0,0,435593,284490,151103,284490,151103,175826,134923,40903,134923,40903,8074,7826,248,7826,248,90525,49164,41361,49164,41361,,7263,4928,,,16.556056412183597,11.326666286959144,5.229390125224452,11.326666286959146,5.229390125224452,165.56056412183597,113.26666286959146,52.293901252244524,113.26666286959146,52.293901252244524,,,,,,,,,,,,,,,,,,,,,,,,,,,,,,,,,,,,,,,,,,,,,,,,,,,,,,,,,,,,,,,,,,,,,,,,,,,
2021-03-29,2021-03-30 08:00,624006,427106,196900,427106,196900,466169,275768,190401,275768,190401,47523,41024,6499,41024,6499,110314,110314,0,110314,0,0,0,0,0,0,445423,289603,155820,289603,155820,178405,137099,41306,137099,41306,9203,8932,271,8932,271,91017,49639,41378,49639,41378,,11475,5008,,,17.005246776732793,11.639379957601749,5.365866819131046,11.639379957601749,5.365866819131046,170.05246776732795,116.39379957601749,53.658668191310454,116.39379957601749,53.658668191310454,,,,,,,,,,,,,,,,,,,,,,,,,,,,,,,,,,,,,,,,,,,,,,,,,,,,,,,,,,,,,,,,,,,,,,,,,,,
2021-03-30,2021-03-31 08:00,635546,433456,202090,433456,202090,474355,278996,195359,278996,195359,48773,42042,6731,42042,6731,112418,112418,0,112418,0,0,0,0,0,0,454955,294351,160604,294351,160604,180502,138679,41823,138679,41823,10039,9746,293,9746,293,91441,49915,41526,49915,41526,,6350,5190,,,17.31973181021564,11.812428481225325,5.507303328990315,11.812428481225325,5.507303328990315,173.1973181021564,118.12428481225325,55.07303328990315,118.12428481225325,55.07303328990315,,,,,,,,,,,,,,,,,,,,,,,,,,,,,,,,,,,,,,,,,,,,,,,,,,,,,,,,,,,,,,,,,,,,,,,,,,,
2021-03-31,2021-04-01 08:00,646217,438215,208002,438215,208002,482721,282340,200381,282340,200381,50333,42712,7621,42712,7621,113163,113163,0,113163,0,0,0,0,0,0,463925,298147,165778,298147,165778,182117,139754,42363,139754,42363,10623,10302,321,10302,321,92148,50104,42044,50104,42044,,4759,5912,,,17.61053508511126,11.942119492866993,5.668415592244265,11.942119492866995,5.668415592244265,176.1053508511126,119.42119492866995,56.68415592244265,119.42119492866995,56.68415592244265,,,,,,,,,,,,,,,,,,,,,,,,,,,,,,,,,,,,,,,,,,,,,,,,,,,,,,,,,,,,,,,,,,,,,,,,,,,
2021-04-02,2021-04-03 08:00,669807,450145,219662,450145,219662,499252,288965,210287,288965,210287,53409,44034,9375,44034,9375,117146,117146,0,117146,0,0,0,0,0,0,484502,307964,176538,307964,176538,188206,144823,43383,144823,43383,11519,11179,340,11179,340,92868,50425,42443,50425,42443,,7459,5800,,,18.253403537438842,12.267232703391288,5.986170834047556,12.267232703391288,5.986170834047556,182.53403537438842,122.67232703391288,59.86170834047556,122.67232703391288,59.86170834047556,,,,,,,,,,,,,,,,,,,,,,,,,,,,,,,,,,,,,,,,,,,,,,,,,,,,,,,,,,,,,,,,,,,,,,,,,,,
2021-04-05,2021-04-06 08:00,714658,478282,236376,478282,236376,524245,299880,224365,299880,224365,58126,46115,12011,46115,12011,132287,132287,0,132287,0,0,0,0,0,0,524816,332540,192276,332540,192276,193256,148686,44570,148686,44570,14831,14411,420,14411,420,93353,50820,42533,50820,42533,,9696,5634,,,19.475671148941366,13.034014799327753,6.441656349613611,13.034014799327753,6.441656349613611,194.75671148941365,130.34014799327755,64.4165634961361,130.34014799327755,64.4165634961361,,,,,,,,,,,,,,,,,,,,,,,,,,,,,,,,,,,,,,,,,,,,,,,,,,,,,,,,,,,,,,,,,,,,,,,,,,,
2021-04-06,2021-04-07 08:00,728511,487011,241500,487011,241500,531133,302563,228570,302563,228570,59726,46796,12930,46796,12930,137652,137652,0,137652,0,0,0,0,0,0,536968,339903,197065,339903,197065,195065,150142,44923,150142,44923,15881,15432,449,15432,449,93729,50965,42764,50965,42764,,8729,5124,,,19.853189447800798,13.271895202904163,6.581294244896635,13.271895202904163,6.581294244896635,198.53189447800798,132.71895202904162,65.81294244896635,132.71895202904162,65.81294244896635,,,,,,,,,,,,,,,,,,,,,,,,,,,,,,,,,,,,,,,,,,,,,,,,,,,,,,,,,,,,,,,,,,,,,,,,,,,
2021-04-07,2021-04-08 08:00,759867,512452,247415,512452,247415,549679,316113,233566,316113,233566,61315,47481,13834,47481,13834,148873,148858,15,148858,15,0,0,0,0,0,,,,,,,,,,,,,,,,,,,,,,,,,,20.707694881933218,13.96520661857462,6.742488263358597,13.96520661857462,6.742488263358597,207.07694881933216,139.6520661857462,67.42488263358597,139.6520661857462,67.42488263358597,,,,,,,,,,,,,,,,,,,,,,,,,,,,,,,,,,,,,,,,,,,,,,,,,,,,,,,,,,,,,,,,,,,,,,,,,,,
2021-04-08,2021-04-09 08:00,804542,552341,252201,552341,252201,572121,334648,237473,334648,237473,62827,48115,14712,48115,14712,169594,169578,16,169578,16,0,0,0,0,0,,,,,,,,,,,,,,,,,,,,,,,,,,21.925166187899084,15.052251116026719,6.872915071872365,15.052251116026719,6.872915071872366,219.25166187899086,150.5225111602672,68.72915071872366,150.5225111602672,68.72915071872366,,,,,,,,,,,,,,,,,,,,,,,,,,,,,,,,,,,,,,,,,,,,,,,,,,,,,,,,,,,,,,,,,,,,,,,,,,,
2021-04-09,2021-04-10 08:00,829822,572973,256849,572973,256849,592671,351516,241155,351516,241155,64353,48676,15677,48676,15677,172798,172781,17,172781,17,0,0,0,0,0,,,,,,,,,,,,,,,,,,,,,,,,,,22.614090074072944,15.614508933255319,6.999581140817623,15.61450893325532,6.9995811408176225,226.14090074072945,156.1450893325532,69.99581140817622,156.1450893325532,69.99581140817622,,,,,,,,,,,,,,,,,,,,,,,,,,,,,,,,,,,,,,,,,,,,,,,,,,,,,,,,,,,,,,,,,,,,,,,,,,,
2021-04-11,2021-04-12 08:00,860535,595004,265531,595004,265531,615221,367340,247881,367340,247881,67393,49760,17633,49760,17633,177921,177904,17,177904,17,0,0,0,0,0,,,,,,,,,,,,,,,,,,,,,,,,,,23.451072641954973,16.214891929153115,7.236180712801857,16.21489192915312,7.236180712801858,234.51072641954974,162.14891929153117,72.36180712801857,162.14891929153117,72.36180712801857,,,,,,,,,,,,,,,,,,,,,,,,,,,,,,,,,,,,,,,,,,,,,,,,,,,,,,,,,,,,,,,,,,,,,,,,,,,
2021-04-12,2021-04-13 08:00,878163,608607,269556,608607,269556,628259,377335,250924,377335,250924,68907,50293,18614,50293,18614,180997,180979,18,180979,18,0,0,0,0,0,,,,,,,,,,,,,,,,,,,,,,,,,,23.931466244228425,16.585597294011624,7.345868950216801,16.58559729401162,7.3458689502168015,239.31466244228423,165.85597294011623,73.45868950216801,165.85597294011623,73.45868950216801,,,,,,,,,,,,,,,,,,,,,,,,,,,,,,,,,,,,,,,,,,,,,,,,,,,,,,,,,,,,,,,,,,,,,,,,,,,
2021-04-13,2021-04-14 08:00,900520,627046,273474,627046,273474,646081,392206,253875,392206,253875,70385,50806,19579,50806,19579,184054,184034,20,184034,20,0,0,0,0,0,,,,,,,,,,,,,,,,,,,,,,,,,,24.54073330606343,17.08809205418408,7.452641251879348,17.08809205418408,7.4526412518793475,245.4073330606343,170.88092054184082,74.52641251879348,170.88092054184082,74.52641251879348,,,,,,,,,,,,,,,,,,,,,,,,,,,,,,,,,,,,,,,,,,,,,,,,,,,,,,,,,,,,,,,,,,,,,,,,,,,
2021-04-14,2021-04-15 11:00,928394,650222,278172,650222,278172,669350,412434,256916,412434,256916,72074,50840,21234,50840,21234,186970,186948,22,186948,22,0,0,0,0,0,,,,,,,,,,,,,,,,,,,,,,,,,,25.30034819543092,17.71967828780613,7.58066990762479,17.71967828780613,7.580669907624791,253.0034819543092,177.1967828780613,75.80669907624791,177.1967828780613,75.80669907624791,,,,,,,,,,,,,,,,,,,,,,,,,,,,,,,,,,,,,,,,,,,,,,,,,,,,,,,,,,,,,,,,,,,,,,,,,,,
2021-04-15,2021-04-16 08:00,952779,671360,281419,671360,281419,688894,430458,258436,430458,258436,73816,50861,22955,50861,22955,190069,190041,28,190041,28,0,0,0,0,0,,,,,,,,,,,,,,,,,,,,,,,,,,25.964881777881455,18.29572548345261,7.669156294428846,18.29572548345261,7.669156294428846,259.64881777881453,182.95725483452608,76.69156294428846,182.95725483452608,76.69156294428846,,,,,,,,,,,,,,,,,,,,,,,,,,,,,,,,,,,,,,,,,,,,,,,,,,,,,,,,,,,,,,,,,,,,,,,,,,,
2021-04-16,2021-04-17 08:00,975051,690017,285034,690017,285034,706255,445882,260373,445882,260373,75515,50886,24629,50886,24629,193281,193249,32,193249,32,0,0,0,0,0,,,,,,,,,,,,,,,,,,,,,,,,,,26.571832442156147,18.80416112207388,7.767671320082267,18.80416112207388,7.767671320082267,265.7183244215615,188.0416112207388,77.67671320082268,188.0416112207388,77.67671320082268,,,,,,,,,,,,,,,,,,,,,,,,,,,,,,,,,,,,,,,,,,,,,,,,,,,,,,,,,,,,,,,,,,,,,,,,,,,
2021-04-18,2021-04-19 08:00,1004237,712231,292006,712231,292006,726804,462822,263982,462822,263982,78946,50955,27991,50955,27991,198487,198454,33,198454,33,0,0,0,0,0,,,,,,,,,,,,,,,,,,,,,,,,,,27.367201609160507,19.409531185660356,7.957670423500153,19.409531185660356,7.957670423500153,273.6720160916051,194.09531185660356,79.57670423500153,194.09531185660356,79.57670423500153,,,,,,,,,,,,,,,,,,,,,,,,,,,,,,,,,,,,,,,,,,,,,,,,,,,,,,,,,,,,,,,,,,,,,,,,,,,
2021-04-19,2021-04-20 08:00,1019867,724412,295455,724412,295455,738305,472578,265727,472578,265727,80664,50979,29685,50979,29685,200898,200855,43,200855,43,0,0,0,0,0,,,,,,,,,,,,,,,,,,,,,,,,,,27.793146242898537,19.741484581921583,8.051661660976958,19.74148458192158,8.051661660976958,277.93146242898536,197.4148458192158,80.51661660976959,197.4148458192158,80.51661660976959,,,,,,,,,,,,,,,,,,,,,,,,,,,,,,,,,,,,,,,,,,,,,,,,,,,,,,,,,,,,,,,,,,,,,,,,,,,
2021-04-20,2021-04-21 08:00,1041209,742205,299004,742205,299004,753353,485836,267517,485836,267517,82382,50996,31386,50996,31386,205474,205373,101,205373,101,0,0,0,0,0,,,,,,,,,,,,,,,,,,,,,,,,,,28.374752792689776,20.226374720635643,8.148378072054136,20.22637472063564,8.148378072054134,283.74752792689776,202.2637472063564,81.48378072054135,202.2637472063564,81.48378072054135,,,,,,,,,,,,,,,,,,,,,,,,,,,,,,,,,,,,,,,,,,,,,,,,,,,,,,,,,,,,,,,,,,,,,,,,,,,
2021-04-21,2021-04-22 08:00,1064226,760541,303685,760541,303685,770161,499682,270479,499682,270479,84047,51021,33026,51021,33026,210018,209838,180,209838,180,0,0,0,0,0,,,,,,,,,,,,,,,,,,,,,,,,,,29.002006000287235,20.726062551999718,8.275943448287515,20.726062551999718,8.275943448287515,290.02006000287236,207.26062551999718,82.75943448287515,207.26062551999718,82.75943448287515,,,,,,,,,,,,,,,,,,,,,,,,,,,,,,,,,,,,,,,,,,,,,,,,,,,,,,,,,,,,,,,,,,,,,,,,,,,
2021-04-22,2021-04-23 08:00,1085883,777862,308021,777862,308021,785341,512228,273113,512228,273113,85683,51057,34626,51057,34626,214859,214577,282,214577,282,0,0,0,0,0,,,,,,,,,,,,,,,,,,,,,,,,,,29.59219684691964,21.19808987132003,8.394106975599612,21.19808987132003,8.394106975599612,295.92196846919643,211.98089871320028,83.94106975599612,211.98089871320028,83.94106975599612,,,,,,,,,,,,,,,,,,,,,,,,,,,,,,,,,,,,,,,,,,,,,,,,,,,,,,,,,,,,,,,,,,,,,,,,,,,
2021-04-23,2021-04-24 08:00,1105406,793159,312247,793159,312247,799077,523429,275648,523429,275648,87306,51085,36221,51085,36221,219023,218645,378,218645,378,0,0,0,0,0,,,,,,,,,,,,,,,,,,,,,,,,,,30.124232488920125,21.614959676968823,8.509272811951304,21.614959676968823,8.509272811951304,301.24232488920126,216.14959676968823,85.09272811951303,216.14959676968823,85.09272811951303,,,,,,,,,,,,,,,,,,,,,,,,,,,,,,,,,,,,,,,,,,,,,,,,,,,,,,,,,,,,,,,,,,,,,,,,,,,
2021-04-25,2021-04-26 08:00,1129038,809079,319959,809079,319959,819657,538714,280943,538714,280943,89780,51149,38631,51149,38631,219601,219216,385,219216,385,0,0,0,0,0,,,,,,,,,,,,,,,,,,,,,,,,,,30.768245514159865,22.04880731414793,8.719438200011936,22.04880731414793,8.719438200011936,307.68245514159867,220.4880731414793,87.19438200011936,220.4880731414793,87.19438200011936,,,,,,,,,,,,,,,,,,,,,,,,,,,,,,,,,,,,,,,,,,,,,,,,,,,,,,,,,,,,,,,,,,,,,,,,,,,
2021-04-26,2021-04-27 08:00,1145943,822271,323672,822271,323672,832669,549098,283571,549098,283571,91563,51880,39683,51880,39683,221711,221293,418,221293,418,0,0,0,0,0,,,,,,,,,,,,,,,,,,,,,,,,,,31.22893611130263,22.408312215508907,8.820623895793723,22.408312215508907,8.820623895793721,312.2893611130263,224.0831221550891,88.20623895793722,224.0831221550891,88.20623895793722,,,,,,,,,,,,,,,,,,,,,,,,,,,,,,,,,,,,,,,,,,,,,,,,,,,,,,,,,,,,,,,,,,,,,,,,,,,
2021-04-27,2021-04-28 08:00,1176346,848844,327502,849233,327113,859427,573468,285959,573468,285959,93273,52568,40705,52568,40705,223257,222808,449,222808,449,389,0,389,389,0,,,,,,,,,,,,,,,,,,,,,,,,,,32.05747064102351,23.132472596335568,8.924998044687941,23.14307352164101,8.914397119382498,320.5747064102351,231.3247259633557,89.24998044687942,231.4307352164101,89.14397119382498,,,,,,,,,,,,,,,,,,,,,,,,,,,,,,,,,,,,,,,,,,,,,,,,,,,,,,,,,,,,,,,,,,,,,,,,,,,
2021-04-28,2021-04-29 11:00,1215940,883016,332924,883964,331976,895568,605462,290106,605462,290106,95017,53626,41391,53626,41391,224407,223928,479,223928,479,948,0,948,948,0,,,,,,,,,,,,,,,,,,,,,,,,,,33.13647587635452,24.06371891905444,9.072756957300072,24.089553564785962,9.046922311568553,331.3647587635451,240.6371891905444,90.72756957300072,240.89553564785962,90.46922311568552,,,,,,,,,,,,,,,,,,,,,,,,,,,,,,,,,,,,,,,,,,,,,,,,,,,,,,,,,,,,,,,,,,,,,,,,,,,
2021-04-29,2021-04-30 08:00,1250853,910760,340093,912435,338418,926595,630770,295825,630770,295825,96725,54655,42070,54655,42070,225858,225335,523,225335,523,1675,0,1675,1675,0,,,,,,,,,,,,,,,,,,,,,,,,,,34.087915735452135,24.81979108274145,9.26812465271069,24.865437740547666,9.222477994904471,340.8791573545214,248.1979108274145,92.6812465271069,248.65437740547668,92.2247799490447,,,,,,,,,,,,,,,,,,,,,,,,,,,,,,,,,,,,,,,,,,,,,,,,,,,,,,,,,,,,,,,,,,,,,,,,,,,
2021-05-02,2021-05-03 08:00,1308174,952267,355907,954565,353609,975907,666998,308909,666998,308909,102024,57938,44086,57938,44086,227945,227331,614,227331,614,2298,0,2298,2298,0,,,,,,,,,,,,,,,,,,,,,,,,,,35.65001249492096,25.950928889047553,9.699083605873403,26.013553378384085,9.636459116536871,356.5001249492096,259.50928889047555,96.99083605873403,260.13553378384086,96.36459116536871,,,,,,,,,,,,,,,,,,,,,,,,,,,,,,,,,,,,,,,,,,,,,,,,,,,,,,,,,,,,,,,,,,,,,,,,,,,
2021-05-03,2021-05-04 08:00,1325845,964590,361255,966888,358957,989479,676064,313415,676064,313415,103788,58943,44845,58943,44845,230280,229583,697,229583,697,2298,0,2298,2298,0,,,,,,,,,,,,,,,,,,,,,,,,,,36.13157792184256,26.286752031821308,9.84482589002126,26.34937652115784,9.782201400684727,361.3157792184257,262.86752031821305,98.4482589002126,263.49376521157836,97.82201400684727,,,,,,,,,,,,,,,,,,,,,,,,,,,,,,,,,,,,,,,,,,,,,,,,,,,,,,,,,,,,,,,,,,,,,,,,,,,
2021-05-04,2021-05-05 08:00,1358673,990501,368172,992950,365723,1014318,695075,319243,695075,319243,105652,60090,45562,60090,45562,236254,235336,918,235336,918,2449,0,2449,2449,0,,,,,,,,,,,,,,,,,,,,,,,,,,37.02619791137245,26.992871763413508,10.03332614795894,27.059611264886602,9.966586646485847,370.26197911372446,269.92871763413507,100.33326147958941,270.59611264886604,99.66586646485848,,,,,,,,,,,,,,,,,,,,,,,,,,,,,,,,,,,,,,,,,,,,,,,,,,,,,,,,,,,,,,,,,,,,,,,,,,,
2021-05-05,2021-05-06 08:00,1400999,1023994,377005,1026563,374436,1046840,720078,326762,720078,326762,107542,61188,46354,61188,46354,244048,242728,1320,242728,1320,2569,0,2569,2569,0,,,,,,,,,,,,,,,,,,,,,,,,,,38.179654889465596,27.905614157385862,10.274040732079735,27.975623867179397,10.204031022286197,381.796548894656,279.0561415738586,102.74040732079736,279.756238671794,102.04031022286198,,,,,,,,,,,,,,,,,,,,,,,,,,,,,,,,,,,,,,,,,,,,,,,,,,,,,,,,,,,,,,,,,,,,,,,,,,,
2021-05-06,2021-05-07 08:00,1438736,1052506,386230,1055199,383537,1075185,740507,334678,740507,334678,109410,62309,47101,62309,47101,251448,249690,1758,249690,1758,2693,0,2693,2693,0,,,,,,,,,,,,,,,,,,,,,,,,,,39.20805365103771,28.68261565432372,10.525437996713986,28.756004579381717,10.452049071655987,392.08053651037704,286.8261565432372,105.25437996713985,287.56004579381715,104.52049071655988,,,,,,,,,,,,,,,,,,,,,,,,,,,,,,,,,,,,,,,,,,,,,,,,,,,,,,,,,,,,,,,,,,,,,,,,,,,
2021-05-07,2021-05-08 08:00,1470476,1075691,394785,1078520,391956,1097335,755573,341762,755573,341762,111194,63396,47798,63396,47798,259118,256722,2396,256722,2396,2829,0,2829,2829,0,,,,,,,,,,,,,,,,,,,,,,,,,,40.073023751795546,29.3144471535698,10.758576598225748,29.391542314724305,10.681481437071245,400.7302375179555,293.144471535698,107.58576598225748,293.915423147243,106.81481437071245,,,,,,,,,,,,,,,,,,,,,,,,,,,,,,,,,,,,,,,,,,,,,,,,,,,,,,,,,,,,,,,,,,,,,,,,,,,
2021-05-09,2021-05-10 08:00,1497579,1090630,406949,1093462,404117,1118090,765728,352362,765728,352362,114809,65668,49141,65668,49141,261848,259234,2614,259234,2614,2832,0,2832,2832,0,,,,,,,,,,,,,,,,,,,,,,,,,,40.811627552704174,29.721560837729267,11.090066714974911,29.79873775409178,11.012889798612395,408.11627552704175,297.21560837729265,110.90066714974911,297.9873775409178,110.12889798612396,,,,,,,,,,,,,,,,,,,,,,,,,,,,,,,,,,,,,,,,,,,,,,,,,,,,,,,,,,,,,,,,,,,,,,,,,,,
2021-05-10,2021-05-11 11:00,1522301,1108113,414188,1110947,411354,1133765,775334,358431,775334,358431,117492,67749,49743,67749,49743,268210,265030,3180,265030,3180,2834,0,2834,2834,0,,,,,,,,,,,,,,,,,,,,,,,,,,41.48534497018797,30.198002938282176,11.287342031905787,30.2752343581167,11.210110612071265,414.85344970187964,301.9800293828218,112.87342031905787,302.752343581167,112.10110612071266,,,,,,,,,,,,,,,,,,,,,,,,,,,,,,,,,,,,,,,,,,,,,,,,,,,,,,,,,,,,,,,,,,,,,,,,,,,
2021-05-11,2021-05-12 14:00,1568820,1144475,424345,1147314,421506,1167739,800748,366991,800748,366991,122212,71834,50378,71834,50378,276030,271893,4137,271893,4137,2839,0,2839,2839,0,,,,,,,,,,,,,,,,,,,,,,,,,,42.75306847734468,31.188930562849183,11.564137914495499,31.26629824136372,11.486770235980957,427.5306847734468,311.8893056284918,115.64137914495498,312.6629824136372,114.86770235980957,,,,,,,,,,,,,,,,,,,,,,,,,,,,,,,,,,,,,,,,,,,,,,,,,,,,,,,,,,,,,,,,,,,,,,,,,,,
2021-05-13,2021-05-14 08:15,1644387,1202006,442381,1204880,439507,1223318,840190,383128,840190,383128,130688,79661,51027,79661,51027,287507,282155,5352,282155,5352,2874,0,2874,2874,0,,,,,,,,,,,,,,,,,,,,,,,,,,44.81240041193724,32.75675018687878,12.055650225058463,32.83507167615345,11.977328735783791,448.1240041193724,327.5675018687878,120.55650225058461,328.3507167615345,119.77328735783792,,,,,,,,,,,,,,,,,,,,,,,,,,,,,,,,,,,,,,,,,,,,,,,,,,,,,,,,,,,,,,,,,,,,,,,,,,,
2021-05-14,2021-05-15 08:00,1672408,1221514,450894,1224653,447755,1242511,852166,390345,852166,390345,135265,83752,51513,83752,51513,291493,285596,5897,285596,5897,3139,0,3139,3139,0,,,,,,,,,,,,,,,,,,,,,,,,,,45.576021306497275,33.28837705283921,12.287644253658069,33.37392025215486,12.202101054342414,455.7602130649728,332.88377052839206,122.87644253658068,333.73920252154863,122.02101054342414,,,,,,,,,,,,,,,,,,,,,,,,,,,,,,,,,,,,,,,,,,,,,,,,,,,,,,,,,,,,,,,,,,,,,,,,,,,
2021-05-16,2021-05-17 08:00,1703655,1239382,464273,1243110,460545,1262506,861023,401483,861023,401483,144089,91472,52617,91472,52617,293332,286887,6445,286887,6445,3728,0,3728,3728,0,,,,,,,,,,,,,,,,,,,,,,,,,,46.42755630140529,33.77531107175355,12.652245229651744,33.87690554357539,12.550650757829901,464.2755630140529,337.7531107175355,126.52245229651741,338.7690554357539,125.50650757829901,,,,,,,,,,,,,,,,,,,,,,,,,,,,,,,,,,,,,,,,,,,,,,,,,,,,,,,,,,,,,,,,,,,,,,,,,,,
2021-05-17,2021-05-18 13:00,1727815,1254453,473362,1258181,469634,1277863,868371,409492,868371,409492,147794,94846,52948,94846,52948,298430,291236,7194,291236,7194,3728,0,3728,3728,0,,,,,,,,,,,,,,,,,,,,,,,,,,47.08595824325499,34.1860219850655,12.899936258189488,34.28761645688734,12.798341786367645,470.8595824325499,341.860219850655,128.99936258189487,342.87616456887343,127.98341786367646,,,,,,,,,,,,,,,,,,,,,,,,,,,,,,,,,,,,,,,,,,,,,,,,,,,,,,,,,,,,,,,,,,,,,,,,,,,
2021-05-18,2021-05-19 11:00,1775753,1283686,492067,1287414,488339,1312788,885651,427137,885651,427137,154226,101006,53220,101006,53220,305011,297029,7982,297029,7982,3728,0,3728,3728,0,,,,,,,,,,,,,,,,,,,,,,,,,,48.39235196380098,34.98267198366204,13.409679980138936,35.08426645548388,13.308085508317093,483.92351963800974,349.8267198366204,134.09679980138935,350.8426645548388,133.08085508317095,,,,,,,,,,,,,,,,,,,,,,,,,,,,,,,,,,,,,,,,,,,,,,,,,,,,,,,,,,,,,,,,,,,,,,,,,,,
2021-05-19,2021-05-20 14:00,1830887,1313740,517147,1317493,513394,1355521,905400,450121,905400,450121,158732,105120,53612,105120,53612,312881,303220,9661,303220,9661,3753,0,3753,3753,0,,,,,,,,,,,,,,,,,,,,,,,,,,49.89484917662968,35.80169565751763,14.09315351911205,35.90397142273956,13.990877753890118,498.94849176629674,358.0169565751762,140.9315351911205,359.03971422739556,139.90877753890118,,,,,,,,,,,,,,,,,,,,,,,,,,,,,,,,,,,,,,,,,,,,,,,,,,,,,,,,,,,,,,,,,,,,,,,,,,,
2021-05-20,2021-05-21 08:00,1872093,1339193,532900,1342946,529147,1385457,920996,464461,920996,464461,163216,109108,54108,109108,54108,319667,309089,10578,309089,10578,3753,0,3753,3753,0,,,,,,,,,,,,,,,,,,,,,,,,,,51.017784210398666,36.49533409402012,14.522450116378538,36.597609859242056,14.420174351156605,510.1778421039866,364.95334094020126,145.2245011637854,365.97609859242056,144.20174351156604,,,,,,,,,,,,,,,,,,,,,,,,,,,,,,,,,,,,,,,,,,,,,,,,,,,,,,,,,,,,,,,,,,,,,,,,,,,
2021-05-21,2021-05-22 08:00,1905602,1359423,546179,1363176,542426,1409355,933216,476139,933216,476139,167215,112410,54805,112410,54805,325279,313797,11482,313797,11482,3753,0,3753,3753,0,,,,,,,,,,,,,,,,,,,,,,,,,,51.93096263214707,37.046636713375236,14.88432591877184,37.14891247859717,14.782050153549907,519.3096263214708,370.4663671337523,148.84325918771842,371.4891247859717,147.82050153549906,,,,,,,,,,,,,,,,,,,,,,,,,,,,,,,,,,,,,,,,,,,,,,,,,,,,,,,,,,,,,,,,,,,,,,,,,,,
2021-05-24,2021-05-25 08:00,1956520,1392851,563669,1398502,558018,1441043,951390,489653,951390,489653,182433,126005,56428,126005,56428,327393,315456,11937,315456,11937,5651,0,5651,5651,0,,,,,,,,,,,,,,,,,,,,,,,,,,53.318566525984124,37.95760774450734,15.360958781476777,38.111607304664325,15.206959221319796,533.1856652598412,379.57607744507345,153.60958781476776,381.11607304664324,152.06959221319795,,,,,,,,,,,,,,,,,,,,,,,,,,,,,,,,,,,,,,,,,,,,,,,,,,,,,,,,,,,,,,,,,,,,,,,,,,,
2021-05-25,2021-05-26 08:00,1984689,1410143,574546,1416396,568293,1459373,960939,498434,960939,498434,186423,129453,56970,129453,56970,332640,319751,12889,319751,12889,6253,0,6253,6253,0,,,,,,,,,,,,,,,,,,,,,,,,,,54.08622067747271,38.428844763483546,15.65737591398916,38.599249868714764,15.486970808757945,540.862206774727,384.28844763483545,156.57375913989162,385.99249868714764,154.86970808757945,,,,,,,,,,,,,,,,,,,,,,,,,,,,,,,,,,,,,,,,,,,,,,,,,,,,,,,,,,,,,,,,,,,,,,,,,,,
2021-05-26,2021-05-27 08:00,2033616,1436130,597486,1444548,589068,1496129,978347,517782,978347,517782,190891,133520,57371,133520,57371,338178,324263,13915,324263,13915,8418,0,8418,8418,0,,,,,,,,,,,,,,,,,,,,,,,,,,55.41956636492636,39.137035627012025,16.282530737914332,39.36644074069128,16.05312562423508,554.1956636492636,391.3703562701203,162.8253073791433,393.66440740691286,160.53125624235076,,,,,,,,,,,,,,,,,,,,,,,,,,,,,,,,,,,,,,,,,,,,,,,,,,,,,,,,,,,,,,,,,,,,,,,,,,,
2021-05-27,2021-05-28 08:00,2078144,1460525,617619,1471488,606656,1528509,994631,533878,994631,533878,195645,137826,57819,137826,57819,343027,328068,14959,328068,14959,10963,0,10963,10963,0,,,,,,,,,,,,,,,,,,,,,,,,,,56.63303166569968,39.8018417268226,16.83118993887708,40.100602508631304,16.53242915706838,566.3303166569968,398.018417268226,168.31189938877083,401.00602508631306,165.32429157068378,,,,,,,,,,,,,,,,,,,,,,,,,,,,,,,,,,,,,,,,,,,,,,,,,,,,,,,,,,,,,,,,,,,,,,,,,,,
2021-05-28,2021-05-29 08:00,2115582,1481081,634501,1494991,620591,1553430,1007319,546111,1007319,546111,201032,142588,58444,142588,58444,347210,331174,16036,331174,16036,13910,0,13910,13910,0,,,,,,,,,,,,,,,,,,,,,,,,,,57.653282158206686,40.362028412114924,17.291253746091762,40.741100059926566,16.912182098280116,576.5328215820668,403.6202841211492,172.9125374609176,407.41100059926566,169.12182098280115,,,,,,,,,,,,,,,,,,,,,,,,,,,,,,,,,,,,,,,,,,,,,,,,,,,,,,,,,,,,,,,,,,,,,,,,,,,
2021-05-30,2021-05-31 08:00,2147543,1500535,647008,1515800,631743,1573393,1017714,555679,1017714,555679,210571,150963,59608,150963,59608,348314,331858,16456,331858,16456,15265,0,15265,15265,0,,,,,,,,,,,,,,,,,,,,,,,,,,58.52427489262135,40.89218368433115,17.632091208290195,41.30818143442783,17.21609345819352,585.2427489262135,408.9218368433115,176.32091208290197,413.08181434427826,172.1609345819352,,,,,,,,,,,,,,,,,,,,,,,,,,,,,,,,,,,,,,,,,,,,,,,,,,,,,,,,,,,,,,,,,,,,,,,,,,,
2021-05-31,2021-06-01 14:00,2169909,1512572,657337,1530039,639870,1587458,1025172,562286,1025172,562286,213360,153139,60221,153139,60221,351624,334261,17363,334261,17363,17467,0,17467,17467,0,,,,,,,,,,,,,,,,,,,,,,,,,,59.133787220080386,41.22021283060784,17.913574389472544,41.69621890338469,17.437568316695696,591.3378722008039,412.2021283060784,179.13574389472546,416.9621890338469,174.37568316695695,,,,,,,,,,,,,,,,,,,,,,,,,,,,,,,,,,,,,,,,,,,,,,,,,,,,,,,,,,,,,,,,,,,,,,,,,,,
2021-06-01,2021-06-02 08:00,2210760,1535567,675193,1555701,655059,1618701,1043079,575622,1043079,575622,216354,155625,60729,155625,60729,355571,336863,18708,336863,18708,20134,0,20134,20134,0,,,,,,,,,,,,,,,,,,,,,,,,,,60.24704788756806,41.84686650001322,18.40018138755484,42.395552952711974,17.85149493485609,602.4704788756806,418.46866500013215,184.0018138755484,423.9555295271197,178.5149493485609,,,,,,,,,,,,,,,,,,,,,,,,,,,,,,,,,,,,,,,,,,,,,,,,,,,,,,,,,,,,,,,,,,,,,,,,,,,
2021-06-02,2021-06-03 08:00,2261670,1564635,697035,1587907,673763,1658854,1066471,592383,1066471,592383,220280,158963,61317,158963,61317,359264,339201,20063,339201,20063,23272,0,23272,23272,0,,,,,,,,,,,,,,,,,,,,,,,,,,61.63443376751707,42.63901996216914,18.995413805347937,43.27322236244754,18.361211405069533,616.3443376751708,426.3901996216914,189.95413805347934,432.73222362447547,183.6121140506953,,,,,,,,,,,,,,,,,,,,,,,,,,,,,,,,,,,,,,,,,,,,,,,,,,,,,,,,,,,,,,,,,,,,,,,,,,,
2021-06-03,2021-06-04 08:00,2303680,1588518,715162,1615563,688117,1690100,1085364,604736,1085364,604736,224358,162347,62011,162347,62011,362177,340807,21370,340807,21370,27045,0,27045,27045,0,,,,,,,,,,,,,,,,,,,,,,,,,,62.77927919703305,43.28987317314581,19.489406023887238,44.02689637336623,18.752382823666824,627.7927919703305,432.8987317314581,194.89406023887236,440.26896373366225,187.52382823666824,,,,,,,,,,,,,,,,,,,,,,,,,,,,,,,,,,,,,,,,,,,,,,,,,,,,,,,,,,,,,,,,,,,,,,,,,,,
2021-06-04,2021-06-05 08:00,2360833,1614394,746439,1645310,715523,1733305,1105308,627997,1105308,627997,229584,166694,62890,166694,62890,367028,342392,24636,342392,24636,30916,0,30916,30916,0,,,,,,,,,,,,,,,,,,,,,,,,,,64.33679766485325,43.99503909397788,20.341758570875363,44.83755376426867,19.499243900584577,643.3679766485325,439.95039093977886,203.41758570875362,448.3755376426867,194.99243900584577,,,,,,,,,,,,,,,,,,,,,,,,,,,,,,,,,,,,,,,,,,,,,,,,,,,,,,,,,,,,,,,,,,,,,,,,,,,
2021-06-06,2021-06-07 11:00,2396070,1634536,761534,1667396,728674,1754773,1117633,637140,1117633,637140,240107,174180,65927,174180,65927,368330,342723,25607,342723,25607,32860,0,32860,32860,0,,,,,,,,,,,,,,,,,,,,,,,7115,10440,,65.3,44.5,20.8,45.4,19.9,653,445.4,207.5,454.4,198.6,,,,,,,,,,,,,,,,,,,,,,,,,,,,,,,,,,,,,,,,,,,,,,,,,,,,,,,,,,,,,,,,,,,,,,,,,,,
2021-06-07,2021-06-08 08:00,2423862,1648386,775476,1683539,740323,1772779,1127540,645239,1127540,645239,243924,176502,67422,176502,67422,372006,344344,27662,344344,27662,35153,0,35153,35153,0,,,,,,,,,,,,,,,,,,,,,,,13942,16143,,66.1,44.9,21.1,45.9,20.2,660.5,449.2,211.3,458.8,201.8,,,,,,,,,,,,,,,,,,,,,,,,,,,,,,,,,,,,,,,,,,,,,,,,,,,,,,,,,,,,,,,,,,,,,,,,,,,
2021-06-08,2021-06-09 11:00,2467581,1666750,800831,1703976,763605,1806834,1141865,664969,1141865,664969,247738,179019,68719,179019,68719,375783,345866,29917,345866,29917,37226,0,37226,37226,0,,,,,,,,,,,,,,,,,,,,,,,25355,20437,,67.2,45.4,21.8,46.4,20.8,672.5,454.2,218.2,464.4,208.1,,,,,,,,,,,,,,,,,,,,,,,,,,,,,,,,,,,,,,,,,,,,,,,,,,,,,,,,,,,,,,,,,,,,,,,,,,,
2021-06-09,2021-06-10 08:00,2521821,1687495,834326,1727313,794508,1851084,1158788,692296,1158788,692296,251776,181623,70153,181623,70153,379143,347084,32059,347084,32059,39818,0,39818,39818,0,,,,,,,,,,,,,,,,,,,,,,,33495,23337,,68.7,46,22.7,47.1,21.7,687.2,459.9,227.4,470.7,216.5,,,,,,,,,,,,,,,,,,,,,,,,,,,,,,,,,,,,,,,,,,,,,,,,,,,,,,,,,,,,,,,,,,,,,,,,,,,
2021-06-10,2021-06-11 08:00,2568825,1705471,863354,1748925,819900,1888013,1173163,714850,1173163,714850,255568,184189,71379,184189,71379,381790,348119,33671,348119,33671,43454,0,43454,43454,0,,,,,,,,,,,,,,,,,,,,,,,29028,21612,,70,46.5,23.5,47.7,22.3,700,464.8,235.3,476.6,223.4,,,,,,,,,,,,,,,,,,,,,,,,,,,,,,,,,,,,,,,,,,,,,,,,,,,,,,,,,,,,,,,,,,,,,,,,,,,
2021-06-11,2021-06-12 08:00,2621384,1730711,890673,1777146,844238,1920692,1185979,734713,1185979,734713,268593,195635,72958,195635,72958,385664,349097,36567,349097,36567,46435,0,46435,46435,0,,,,,,,,,,,,,,,,,,,,,,,27313,28191,,71.4,47.2,24.3,48.4,23,714.4,471.6,242.7,484.3,230.1,,,,,,,,,,,,,,,,,,,,,,,,,,,,,,,,,,,,,,,,,,,,,,,,,,,,,,,,,,,,,,,,,,,,,,,,,,,
2021-06-13,2021-06-14 08:00,2648337,1733012,915325,1781670,866667,1941706,1193850,747856,1193850,747856,268340,189972,78368,189972,78368,389633,349190,40443,349190,40443,48658,0,48658,48658,0,,,,,,,,,,,,,,,,,,,,,,,11433,6360,,72.2,47.2,24.9,48.6,23.6,721.7,472.3,249.4,485.5,236.2,,,,,,,,,,,,,,,,,,,,,,,,,,,,,,,,,,,,,,,,,,,,,,,,,,,,,,,,,,,,,,,,,,,,,,,,,,,
2021-06-14,2021-06-15 08:00,2677206,1743452,933754,1794371,882835,1959594,1202299,757295,1202299,757295,272572,191301,81271,191301,81271,394121,349852,44269,349852,44269,50919,0,50919,50919,0,,,,,,,,,,,,,,,,,,,,,,,18429,12701,,73,47.5,25.4,48.9,24.1,729.6,475.1,254.5,489,240.6,,,,,,,,,,,,,,,,,,,,,,,,,,,,,,,,,,,,,,,,,,,,,,,,,,,,,,,,,,,,,,,,,,,,,,,,,,,
2021-06-15,2021-06-16 08:00,2720734,1759857,960877,1812669,908065,1991314,1215791,775523,1215791,775523,277627,193706,83921,193706,83921,398981,350360,48621,350360,48621,52812,0,52812,52812,0,,,,,,,,,,,,,,,,,,,,,,,27123,18298,,74.1,48,26.2,49.4,24.7,741.4,479.6,261.9,494,247.5,,,,,,,,,,,,,,,,,,,,,,,,,,,,,,,,,,,,,,,,,,,,,,,,,,,,,,,,,,,,,,,,,,,,,,,,,,,
2021-06-16,2021-06-17 08:00,2775563,1779389,996174,1835062,940501,2031885,1230634,801251,1230634,801251,284268,197760,86508,197760,86508,403737,350995,52742,350995,52742,55673,0,55673,55673,0,,,,,,,,,,,,,,,,,,,,,,,35297,22393,,75.6,48.5,27.1,50,25.6,756.4,484.9,271.5,500.1,256.3,,,,,,,,,,,,,,,,,,,,,,,,,,,,,,,,,,,,,,,,,,,,,,,,,,,,,,,,,,,,,,,,,,,,,,,,,,,
2021-06-17,2021-06-18 08:00,2822160,1797248,1024912,1855543,966617,2066563,1244702,821861,1244702,821861,288990,200861,88129,200861,88129,408312,351685,56627,351685,56627,58295,0,58295,58295,0,,,,,,,,,,,,,,,,,,,,,,,28738,20481,,76.9,49,27.9,50.6,26.3,769.1,489.8,279.3,505.7,263.4,,,,,,,,,,,,,,,,,,,,,,,,,,,,,,,,,,,,,,,,,,,,,,,,,,,,,,,,,,,,,,,,,,,,,,,,,,,
2021-06-18,2021-06-19 08:00,2862006,1812101,1049905,1872530,989476,2094500,1256362,838138,1256362,838138,294031,203564,90467,203564,90467,413046,352175,60871,352175,60871,60429,0,60429,60429,0,,,,,,,,,,,,,,,,,,,,,,,24993,16987,,78,49.4,28.6,51,27,779.9,493.8,286.1,510.3,269.6,,,,,,,,,,,,,,,,,,,,,,,,,,,,,,,,,,,,,,,,,,,,,,,,,,,,,,,,,,,,,,,,,,,,,,,,,,,
2021-06-20,2021-06-21 08:00,2907652,1825597,1082055,1887618,1020034,2123105,1266034,857071,1266034,857071,304401,206596,97805,206596,97805,418125,352967,65158,352967,65158,62021,0,62021,62021,0,,,,,,,,,,,,,,,,,,,,,,,19414,7553,,79.2,49.8,29.5,51.4,27.8,792.4,497.5,294.9,514.4,278,,,,,,,,,,,,,,,,,,,,,,,,,,,,,,,,,,,,,,,,,,,,,,,,,,,,,,,,,,,,,,,,,,,,,,,,,,,
2021-06-21,2021-06-22 08:00,2936047,1834963,1101084,1898578,1037469,2141535,1274376,867159,1274376,867159,308409,207298,101111,207298,101111,422488,353289,69199,353289,69199,63615,0,63615,63615,0,,,,,,,,,,,,,,,,,,,,,,,19029,10960,,80,50,30,51.7,28.3,800.1,500.1,300.1,517.4,282.7,,,,,,,,,,,,,,,,,,,,,,,,,,,,,,,,,,,,,,,,,,,,,,,,,,,,,,,,,,,,,,,,,,,,,,,,,,,
2021-06-22,2021-06-23 08:00,2985669,1851337,1134332,1916452,1069217,2176646,1287064,889582,1287064,889582,315717,210495,105222,210495,105222,428191,353778,74413,353778,74413,65115,0,65115,65115,0,,,,,,,,,,,,,,,,,,,,,,,33248,17874,,81.4,50.5,30.9,52.2,29.1,813.6,504.5,309.1,522.3,291.4,,,,,,,,,,,,,,,,,,,,,,,,,,,,,,,,,,,,,,,,,,,,,,,,,,,,,,,,,,,,,,,,,,,,,,,,,,,
2021-06-23,2021-06-24 08:00,3037901,1866799,1171102,1932895,1105006,2218509,1301637,916872,1301637,916872,319799,211091,108708,211091,108708,433497,354071,79426,354071,79426,66096,0,66096,66096,0,,,,,,,,,,,,,,,,,,,,,,,36770,16443,,82.8,50.9,31.9,52.7,30.1,827.9,508.7,319.1,526.7,301.1,,,,,,,,,,,,,,,,,,,,,,,,,,,,,,,,,,,,,,,,,,,,,,,,,,,,,,,,,,,,,,,,,,,,,,,,,,,
2021-06-24,2021-06-25 08:00,3080046,1883729,1196317,1951012,1129034,2249643,1316052,933591,1316052,933591,325089,213238,111851,213238,111851,438031,354439,83592,354439,83592,67283,0,67283,67283,0,,,,,,,,,,,,,,,,,,,,,,,25215,18117,,83.9,51.3,32.6,53.2,30.8,839.4,513.3,326,531.7,307.7,,,,,,,,,,,,,,,,,,,,,,,,,,,,,,,,,,,,,,,,,,,,,,,,,,,,,,,,,,,,,,,,,,,,,,,,,,,
2021-06-25,2021-06-26 08:00,3116234,1896904,1219330,1964930,1151304,2275699,1327324,948375,1327324,948375,330524,214844,115680,214844,115680,441985,354736,87249,354736,87249,68026,0,68026,68026,0,,,,,,,,,,,,,,,,,,,,,,,23013,13918,,84.9,51.7,33.2,53.5,31.4,849.2,516.9,332.3,535.5,313.8,,,,,,,,,,,,,,,,,,,,,,,,,,,,,,,,,,,,,,,,,,,,,,,,,,,,,,,,,,,,,,,,,,,,,,,,,,,
2021-06-27,2021-06-28 08:00,3145907,1907333,1238574,1975842,1170065,2292451,1335619,956832,1335619,956832,339982,216930,123052,216930,123052,444965,354784,90181,354784,90181,68509,0,68509,68509,0,,,,,,,,,,,,,,,,,,,,,,,9831,5025,,85.7,52,33.8,53.8,31.9,857.3,519.8,337.5,538.5,318.9,,,,,,,,,,,,,,,,,,,,,,,,,,,,,,,,,,,,,,,,,,,,,,,,,,,,,,,,,,,,,,,,,,,,,,,,,,,
2021-06-28,2021-06-29 08:00,3171369,1916651,1254718,1986186,1185183,2308312,1343827,964485,1343827,964485,345601,217898,127703,217898,127703,447921,354926,92995,354926,92995,69535,0,69535,69535,0,,,,,,,,,,,,,,,,,,,,,,,16144,10344,,86.4,52.2,34.2,54.1,32.3,864.3,522.3,341.9,541.3,323,,,,,,,,,,,,,,,,,,,,,,,,,,,,,,,,,,,,,,,,,,,,,,,,,,,,,,,,,,,,,,,,,,,,,,,,,,,
2021-06-29,2021-06-30 08:00,3206771,1927399,1279372,1997712,1209059,2334642,1353473,981169,1353473,981169,350610,218737,131873,218737,131873,451206,355189,96017,355189,96017,70313,0,70313,70313,0,,,,,,,,,,,,,,,,,,,,,,,24654,11526,,87.4,52.5,34.9,54.4,32.9,873.9,525.2,348.7,544.4,329.5,,,,,,,,,,,,,,,,,,,,,,,,,,,,,,,,,,,,,,,,,,,,,,,,,,,,,,,,,,,,,,,,,,,,,,,,,,,
2021-06-30,2021-07-01 08:00,3243971,1939286,1304685,2010252,1233719,2363418,1364384,999034,1364384,999034,354806,219551,135255,219551,135255,454781,355351,99430,355351,99430,70966,0,70966,70966,0,,,,,,,,,,,,,,,,,,,,,,,25313,12540,,88.4,52.8,35.6,54.8,33.6,884,528.5,355.5,547.8,336.2,,,,,,,,,,,,,,,,,,,,,,,,,,,,,,,,,,,,,,,,,,,,,,,,,,,,,,,,,,,,,,,,,,,,,,,,,,,
2021-07-01,2021-07-02 08:00,3269988,1952883,1317105,2024912,1245076,2391389,1389388,1002001,1389388,1002001,364404,223777,140627,223777,140627,442166,339718,102448,339718,102448,72029,0,72029,72029,0,,,,,,,,,,,,,,,,,,,,,,,21656,12622,,89.1,53.2,35.9,55.2,33.9,891.1,532.2,358.9,551.8,339.3,,,,,,,,,,,,,,,,,,,,,,,,,,,,,,,,,,,,,,0.8,2.3,,,,,,,,,,,,,,31.2,55,,,,,,,,,,,,,,70.5,84.2,,,,,,
2021-07-04,2021-07-05 08:00,3347406,1978738,1368668,2052019,1295387,2444196,1410659,1033537,1410659,1033537,385125,228133,156992,228133,156992,444804,339946,104858,339946,104858,73281,0,73281,73281,0,,,,,,,,,,,,,,,,,,,,,,,12811,4680,,91.2,53.9,37.3,55.9,35.3,912.2,539.2,373,559.2,353,,,,,,,,,,,,,,,,,,,,,,,,,,,,,,,,,,,,,,0.9,2.5,,,,,,,,,,,,,,32.8,56.1,,,,,,,,,,,,,,72.2,84.4,,,,,,
2021-07-05,2021-07-06 14:00,3376482,1987146,1389336,2061555,1314927,2463847,1417904,1045943,1417904,1045943,392513,229179,163334,229179,163334,445713,340063,105650,340063,105650,74409,0,74409,74409,0,,,,,,,,,,,,,,,,,,,,,,,19581,8224,,92,54.2,37.9,56.2,35.8,920.1,541.5,378.6,561.8,358.3,,,,,,,,,,,,,,,,,,,,,,,,,,,,,,,,,,,,,,0.9,2.6,,,,,,,,,,,,,,33.5,56.4,,,,,,,,,,,,,,72.7,84.4,,,,,,
2021-07-06,2021-07-07 11:00,3396495,1992648,1403847,2067391,1329104,2481862,1423238,1058624,1423238,1058624,392842,229217,163625,229217,163625,447048,340193,106855,340193,106855,74743,0,74743,74743,0,,,,,,,,,,,,,,,,,,,,,,,14513,5802,,92.6,54.3,38.3,56.3,36.2,925.6,543,382.6,563.4,362.2,,,,,,,,,,,,,,,,,,,,,,,,,,,,,,,,,,,,,,0.9,2.7,,,,,,,,,,,,,,34.1,56.6,,,,,,,,,,,,,,73,84.5,,,,,,
2021-07-07,2021-07-08 08:00,3455415,2008337,1447078,2083747,1371668,2525108,1437014,1088094,1437014,1088094,406332,230985,175347,230985,175347,448565,340338,108227,340338,108227,75410,0,75410,75410,0,,,,,,,,,,,,,,,,,,,,,,,31326,11552,,94.2,54.7,39.4,56.8,37.4,941.7,547.3,394.4,567.9,373.8,,,,,,,,,,,,,,,,,,,,,,,,,,,,,,,,,,,,,,1,2.8,,,,,,,,,,,,,,35.6,57.2,,,,,,,,,,,,,,74.2,84.7,,,,,,
2021-07-08,2021-07-09 08:00,3492709,2018128,1474581,2093936,1398773,2554251,1445770,1108481,1445770,1108481,413191,231875,181316,231875,181316,449459,340483,108976,340483,108976,75808,0,75808,75808,0,,,,,,,,,,,,,,,,,,,,,,,27245,9646,,95.2,55,40.2,57.1,38.1,951.8,550,401.8,570.6,381.2,,,,,,,,,,,,,,,,,,,,,,,,,,,,,,,,,,,,,,1.1,2.9,,,,,,,,,,,,,,36.5,57.6,,,,,,,,,,,,,,74.9,84.8,,,,,,
2021-07-11,2021-07-12 08:00,3554371,2035348,1519023,2111826,1442545,2596131,1458084,1138047,1458084,1138047,431366,236669,194697,236669,194697,450396,340595,109801,340595,109801,76478,0,76478,76478,0,,,,,,,,,,,,,,,,,,,,,,,9622,3674,,96.9,55.5,41.4,57.6,39.3,968.6,554.7,414,575.5,393.1,,,,,,,,,,,,,,,,,,,,,,,,,,,,,,,,,,,,,,1.2,3.1,,,,,,,,,,,,,,38.2,58.3,,,,,,,,,,,,,,75.8,85,,,,,,
2021-07-12,2021-07-13 08:00,3598106,2044432,1553674,2121213,1476893,2629324,1465477,1163847,1465477,1163847,440177,238038,202139,238038,202139,451824,340917,110907,340917,110907,76781,0,76781,76781,0,,,,,,,,,,,,,,,,,,,,,,,16824,5793,,98.1,55.7,42.3,57.8,40.2,980.5,557.1,423.4,578.1,402.5,,,,,,,,,,,,,,,,,,,,,,,,,,,,,,,,,,,,,,1.2,3.2,,,,,,,,,,,,,,39.6,58.7,,,,,,,,,,,,,,76.2,85,,,,,,
2021-07-13,2021-07-14 08:00,3631903,2051906,1579997,2129521,1502382,2656318,1471473,1184845,1471473,1184845,445080,239428,205652,239428,205652,452890,341005,111885,341005,111885,77615,0,77615,77615,0,,,,,,,,,,,,,,,,,,,,,,,25940,8060,,99,55.9,43.1,58,40.9,989.8,559.2,430.6,580.3,409.4,,,,,,,,,,,,,,,,,,,,,,,,,,,,,,,,,,,,,,1.3,3.3,,,,,,,,,,,,,,40.6,59,,,,,,,,,,,,,,76.7,85.1,,,,,,
2021-07-14,2021-07-15 08:00,3672520,2060258,1612262,2138539,1533981,2689979,1478622,1211357,1478622,1211357,450228,240447,209781,240447,209781,454032,341189,112843,341189,112843,78281,0,78281,78281,0,,,,,,,,,,,,,,,,,,,,,,,31621,8697,,100.1,56.1,43.9,58.3,41.8,1000.8,561.5,439.4,582.8,418,,,,,,,,,,,,,,,,,,,,,,,,,,,,,,,,,,,,,,1.3,3.4,,,,,,,,,,,,,,41.8,59.3,,,,,,,,,,,,,,77.4,85.2,,,,,,
2021-07-15,2021-07-16 08:00,3706830,2068393,1638437,2147058,1559772,2718506,1485174,1233332,1485174,1233332,454718,241957,212761,241957,212761,454941,341262,113679,341262,113679,78665,0,78665,78665,0,,,,,,,,,,,,,,,,,,,,,,,25829,8235,,101,56.4,44.7,58.5,42.5,1010.2,563.7,446.5,585.1,425.1,,,,,,,,,,,,,,,,,,,,,,,,,,,,,,,,,,,,,,1.4,3.4,,,,,,,,,,,,,,42.8,59.6,,,,,,,,,,,,,,77.9,85.3,,,,,,
2021-07-18,2021-07-19 08:00,3762628,2080937,1681691,2161008,1601620,2757941,1494153,1263788,1494153,1263788,469071,245489,223582,245489,223582,455545,341295,114250,341295,114250,80071,0,80071,80071,0,,,,,,,,,,,,,,,,,,,,,,,8995,2918,,102.5,56.7,45.8,58.9,43.6,1025.4,567.1,458.3,588.9,436.5,,,,,,,,,,,,,,,,,,,,,,,,,,,,,,,,,,,,,,1.5,3.6,,,,,,,,,,,,,,44.4,60.1,,,,,,,,,,,,,,78.6,85.5,,,,,,
2021-07-19,2021-07-20 08:00,3785494,2087058,1698436,2167460,1618034,2775486,1498859,1276627,1498859,1276627,473544,246824,226720,246824,226720,456062,341375,114687,341375,114687,80402,0,80402,80402,0,,,,,,,,,,,,,,,,,,,,,,,16351,5879,,103.2,56.9,46.3,59.1,44.1,1031.6,568.8,462.9,590.7,440.9,,,,,,,,,,,,,,,,,,,,,,,,,,,,,,,,,,,,,,1.6,3.7,,,,,,,,,,,,,,45.1,60.3,,,,,,,,,,,,,,78.8,85.5,,,,,,
2021-07-20,2021-07-21 08:00,3810391,2093627,1716764,2174533,1635858,2795273,1504183,1291090,1504183,1291090,477767,248034,229733,248034,229733,456445,341410,115035,341410,115035,80906,0,80906,80906,0,,,,,,,,,,,,,,,,,,,,,,,17467,7039,,103.8,57.1,46.8,59.3,44.6,1038.4,570.5,467.8,592.6,445.8,,,,,,,,,,,,,,,,,,,,,,,,,,,,,,,,,,,,,,1.6,3.8,,,,,,,,,,,,,,45.8,60.6,,,,,,,,,,,,,,79.1,85.6,,,,,,
2021-07-21,2021-07-22 08:00,3839266,2101458,1737808,2182701,1656565,2820063,1510883,1309180,1510883,1309180,481129,249135,231994,249135,231994,456831,341440,115391,341440,115391,81243,0,81243,81243,0,,,,,,,,,,,,,,,,,,,,,,,20655,7745,,104.6,57.3,47.4,59.5,45.1,1046.3,572.7,473.6,594.8,451.4,,,,,,,,,,,,,,,,,,,,,,,,,,,,,,,,,,,,,,1.7,3.9,,,,,,,,,,,,,,46.7,60.9,,,,,,,,,,,,,,79.4,85.7,,,,,,
2021-07-22,2021-07-23 08:00,3863576,2108136,1755440,2189778,1673798,2840617,1516616,1324001,1516616,1324001,484181,250049,234132,250049,234132,457136,341471,115665,341471,115665,81642,0,81642,81642,0,,,,,,,,,,,,,,,,,,,,,,,17568,6811,,105.3,57.5,47.8,59.7,45.6,1052.9,574.5,478.4,596.8,456.1,,,,,,,,,,,,,,,,,,,,,,,,,,,,,,,,,,,,,,1.8,4,,,,,,,,,,,,,,47.3,61.1,,,,,,,,,,,,,,79.7,85.8,,,,,,
2021-07-25,2021-07-26 08:00,3907952,2120666,1787286,2202974,1704978,2873513,1525957,1347556,1525957,1347556,494614,253162,241452,253162,241452,457517,341547,115970,341547,115970,82308,0,82308,82308,0,,,,,,,,,,,,,,,,,,,,,,,7339,2940,,106.5,57.8,48.7,60,46.5,1065,577.9,487.1,600.3,464.6,,,,,,,,,,,,,,,,,,,,,,,6.4,14.2,,,,,,,,,,,,,,,,,,,,,,,,,,,,,48.6,61.6,,,,,,,,,,,,,,80.1,85.9,,,,,,
2021-07-26,2021-07-27 08:00,3928365,2125925,1802440,2208722,1719643,2889740,1530262,1359478,1530262,1359478,498018,254101,243917,254101,243917,457810,341562,116248,341562,116248,82797,0,82797,82797,0,,,,,,,,,,,,,,,,,,,,,,,14144,5679,,107.1,57.9,49.1,60.2,46.9,1070.5,579.4,491.2,601.9,468.6,,,,,,,,,,,,,,,,,,,,,,,6.8,14.7,,,,,,,,,,,,,,,,,,,,,,,,,,,,,49.2,61.8,,,,,,,,,,,,,,80.3,86,,,,,,
2021-07-27,2021-07-28 08:00,3951969,2131621,1820348,2215044,1736925,2909134,1535029,1374105,1535029,1374105,501019,254935,246084,254935,246084,458393,341657,116736,341657,116736,83423,0,83423,83423,0,,,,,,,,,,,,,,,,,,,,,,,17643,6235,,107.7,58.1,49.6,60.4,47.3,1077,580.9,496.1,603.6,473.3,,,,,,,,,,,,,,,,,,,,,,,7,15,,,,,,,,,,,,,,,,,,,,,,,,,,,,,49.9,62,,,,,,,,,,,,,,80.5,86.1,,,,,,
2021-07-28,2021-07-29 08:00,3976584,2137577,1839007,2221489,1755095,2930012,1540184,1389828,1540184,1389828,503855,255712,248143,255712,248143,458805,341681,117124,341681,117124,83912,0,83912,83912,0,,,,,,,,,,,,,,,,,,,,,,,18307,6018,,108.4,58.3,50.1,60.5,47.8,1083.7,582.5,501.2,605.4,478.3,,,,,,,,,,,,,,,,,,,,,,,7.4,15.4,,,,,,,,,,,,,,,,,,,,,,,,,,,,,50.6,62.3,,,,,,,,,,,,,,80.8,86.1,,,,,,
2021-07-29,2021-07-30 08:00,3997695,2143031,1854664,2227362,1770333,2947693,1544813,1402880,1544813,1402880,506434,256504,249930,256504,249930,459237,341714,117523,341714,117523,84331,0,84331,84331,0,,,,,,,,,,,,,,,,,,,,,,,15413,5635,,108.9,58.4,50.5,60.7,48.2,1089.4,584,505.4,607,482.4,,,,,,,,,,,,,,,,,,,,,,,7.7,15.7,,,,,,,,,,,,,,,,,,,,,,,,,,,,,51.3,62.5,,,,,,,,,,,,,,81,86.2,,,,,,
2021-08-01,2021-08-02 08:00,4036076,2152675,1883401,2237837,1798239,2978221,1552786,1425435,1552786,1425435,513076,258146,254930,258146,254930,459617,341743,117874,341743,117874,85162,0,85162,85162,0,,,,,,,,,,,,,,,,,,,,,,,5237,2071,,110,58.7,51.3,61,49,1099.9,586.6,513.3,609.8,490.1,,,,,,,,,,,,,,,,,,,,,,,8.2,16.4,,,,,,,,,,,,,,,,,,,,,,,,,,,,,52.4,62.8,,,,,,,,,,,,,,81.4,86.3,,,,,,
2021-08-02,2021-08-03 08:00,4051587,2156068,1895519,2241628,1809959,2991069,1555747,1435322,1555747,1435322,515042,258558,256484,258558,256484,459916,341763,118153,341763,118153,85560,0,85560,85560,0,,,,,,,,,,,,,,,,,,,,,,,11655,3727,,110.4,58.8,51.7,61.1,49.3,1104.1,587.6,516.6,610.9,493.2,,,,,,,,,,,,,,,,,,,,,,,8.4,16.7,,,,,,,,,,,,,,,,,,,,,,,,,,,,,52.9,63,,,,,,,,,,,,,,81.6,86.3,,,,,,
2021-08-03,2021-08-04 08:00,4072975,2161452,1911523,2247698,1825277,3009925,1560746,1449179,1560746,1449179,516586,258934,257652,258934,257652,460218,341772,118446,341772,118446,86246,0,86246,86246,0,,,,,,,,,,,,,,,,,,,,,,,15414,5182,,111,58.9,52.1,61.3,49.7,1110,589,520.9,612.5,497.4,,,,,,,,,,,,,,,,,,,,,,,8.8,17,,,,,,,,,,,,,,,,,,,,,,,,,,,,,53.5,63.2,,,,,,,,,,,,,,81.8,86.4,,,,,,
2021-08-04,2021-08-05 08:00,4097410,2167624,1929786,2254268,1843142,3032219,1566515,1465704,1566515,1465704,518091,259319,258772,259319,258772,460456,341790,118666,341790,118666,86644,0,86644,86644,0,,,,,,,,,,,,,,,,,,,,,,,17878,5466,,111.7,59.1,52.6,61.4,50.2,1116.6,590.7,525.9,614.3,502.3,,,,,,,,,,,,,,,,,,,,,,,9.3,17.5,,,,,,,,,,,,,,,,,,,,,,,,,,,,,54.2,63.4,,,,,,,,,,,,,,82.1,86.5,,,,,,
2021-08-05,2021-08-06 08:00,4118259,2172185,1946074,2259363,1858896,3050772,1570611,1480161,1570611,1480161,519456,259683,259773,259683,259773,460853,341891,118962,341891,118962,87178,0,87178,87178,0,,,,,,,,,,,,,,,,,,,,,,,16211,5099,,112.2,59.2,53,61.6,50.7,1122.3,592,530.3,615.7,506.6,,,,,,,,,,,,,,,,,,,,,,,9.7,17.9,,,,,,,,,,,,,,,,,,,,,,,,,,,,,54.8,63.6,,,,,,,,,,,,,,82.3,86.5,,,,,,
2021-08-08,2021-08-09 08:00,4157278,2180685,1976593,2268757,1888521,3083069,1577863,1505206,1577863,1505206,525071,260914,264157,260914,264157,461066,341908,119158,341908,119158,88072,0,88072,88072,0,,,,,,,,,,,,,,,,,,,,,,,6715,1956,,113.3,59.4,53.9,61.8,51.5,1132.9,594.3,538.7,618.3,514.7,,,,,,,,,,,,,,,,,,,,,,,10.8,18.9,,,,,,,,,,,,,,,,,,,,,,,,,,,,,56,63.9,,,,,,,,,,,,,,82.7,86.6,,,,,,
2021-08-09,2021-08-10 08:00,4179797,2191201,1988596,2279764,1900033,3101086,1585968,1515118,1585968,1515118,528798,263312,265486,263312,265486,461350,341921,119429,341921,119429,88563,0,88563,88563,0,,,,,,,,,,,,,,,,,,,,,,,11638,3389,,113.9,59.7,54.2,62.1,51.8,1139.1,597.1,541.9,621.3,517.8,,,,,,,,,,,,,,,,,,,,,,,11,19.1,,,,,,,,,,,,,,,,,,,,,,,,,,,,,56.4,64.3,,,,,,,,,,,,,,82.8,86.7,,,,,,
2021-08-10,2021-08-11 08:00,4200877,2195747,2005130,2284757,1916120,3119655,1589998,1529657,1589998,1529657,530617,263798,266819,263798,266819,461595,341951,119644,341951,119644,89010,0,89010,89010,0,,,,,,,,,,,,,,,,,,,,,,,15604,4983,,114.5,59.8,54.6,62.3,52.2,1144.8,598.4,546.4,622.6,522.2,,,,,,,,,,,,,,,,,,,,,,,11.6,19.4,,,,,,,,,,,,,,,,,,,,,,,,,,,,,57.1,64.5,,,,,,,,,,,,,,83,86.7,,,,,,
2021-08-11,2021-08-12 08:00,4225251,2201646,2023605,2291334,1933917,3141144,1595282,1545862,1595282,1545862,532502,264393,268109,264393,268109,461917,341971,119946,341971,119946,89688,0,89688,89688,0,,,,,,,,,,,,,,,,,,,,,,,17733,6412,,115.1,60,55.1,62.4,52.7,1151.5,600,551.5,624.4,527,,,,,,,,,,,,,,,,,,,,,,,12.2,19.9,,,,,,,,,,,,,,,,,,,,,,,,,,,,,57.8,64.7,,,,,,,,,,,,,,83.3,86.8,,,,,,
2021-08-12,2021-08-13 08:00,4247420,2208074,2039346,2298517,1948903,3160316,1601005,1559311,1601005,1559311,534389,265060,269329,265060,269329,462272,342009,120263,342009,120263,90443,0,90443,90443,0,,,,,,,,,,,,,,,,,,,,,,,15298,6448,,115.7,60.2,55.6,62.6,53.1,1157.5,601.7,555.8,626.4,531.1,,,,,,,,,,,,,,,,,,,,,,,12.7,20.4,,,,,,,,,,,,,,,,,,,,,,,,,,,,,58.4,65,,,,,,,,,,,,,,83.5,86.9,,,,,,
2021-08-15,2021-08-16 08:00,4294701,2220373,2074328,2311901,1982800,3194691,1611439,1583252,1611439,1583252,545904,266887,279017,266887,279017,462578,342047,120531,342047,120531,91528,0,91528,91528,0,,,,,,,,,,,,,,,,,,,,,,,5717,2215,,117,60.5,56.5,63,54,1170.4,605.1,565.3,630,540.3,,,,,,,,,,,,,,,,,,,,,,,13.9,22,,,,,,,,,,,,,,,,,,,,,,,,,,,,,59.8,65.4,,,,,,,,,,,,,,83.8,87,,,,,,
2021-08-16,2021-08-17 08:00,4309478,2224317,2085161,2316358,1993120,3206541,1614764,1591777,1614764,1591777,548174,267481,280693,267481,280693,462722,342072,120650,342072,120650,92041,0,92041,92041,0,,,,,,,,,,,,,,,,,,,,,,,10146,4192,,117.4,60.6,56.8,63.1,54.3,1174.4,606.2,568.2,631.2,543.2,,,,,,,,,,,,,,,,,,,,,,,14.2,22.4,,,,,,,,,,,,,,,,,,,,,,,,,,,,,60.2,65.6,,,,,,,,,,,,,,83.9,87,,,,,,
2021-08-17,2021-08-18 08:00,4328250,2229495,2098755,2322139,2006111,3222442,1619315,1603127,1619315,1603127,550235,268083,282152,268083,282152,462929,342097,120832,342097,120832,92644,0,92644,92644,0,,,,,,,,,,,,,,,,,,,,,,,11628,5582,,118,60.8,57.2,63.3,54.7,1179.5,607.6,571.9,632.8,546.7,,,,,,,,,,,,,,,,,,,,,,,14.7,22.9,,,,,,,,,,,,,,,,,,,,,,,,,,,,,60.7,65.8,,,,,,,,,,,,,,84.1,87.1,,,,,,
2021-08-18,2021-08-19 08:00,4348083,2235894,2112189,2329193,2018890,3239308,1625123,1614185,1625123,1614185,552387,268660,283727,268660,283727,463089,342111,120978,342111,120978,93299,0,93299,93299,0,,,,,,,,,,,,,,,,,,,,,,,13247,7014,,118.5,60.9,57.6,63.5,55,1184.9,609.3,575.6,634.7,550.2,,,,,,,,,,,,,,,,,,,,,,,15.2,23.6,,,,,,,,,,,,,,,,,,,,,,,,,,,,,61.2,66,,,,,,,,,,,,,,84.3,87.1,,,,,,
2021-08-19,2021-08-20 08:00,4362355,2240807,2121548,2334592,2027763,3251159,1629488,1621671,1629488,1621671,554252,269198,285054,269198,285054,463159,342121,121038,342121,121038,93785,0,93785,93785,0,,,,,,,,,,,,,,,,,,,,,,,9134,5348,,118.9,61.1,57.8,63.6,55.3,1188.8,610.7,578.2,636.2,552.6,,,,,,,,,,,,,,,,,,,,,,,15.5,24.2,,,,,,,,,,,,,,,,,,,,,,,,,,,,,61.6,66.1,,,,,,,,,,,,,,84.4,87.2,,,,,,
2021-08-22,2021-08-23 08:00,4393121,2250442,2142679,2345125,2047996,3273801,1637498,1636303,1637498,1636303,561301,270800,290501,270800,290501,463336,342144,121192,342144,121192,94683,0,94683,94683,0,,,,,,,,,,,,,,,,,,,,,,,5106,1985,,119.7,61.3,58.4,63.9,55.8,1197.2,613.3,583.9,639.1,558.1,,,,,,,,,,,,,,,,,,,,,,,16.5,26.1,,,,,,,,,,,,,,,,,,,,,,,,,,,,,62.4,66.4,,,,,,,,,,,,,,84.6,87.3,,,,,,
2021-08-23,2021-08-24 08:00,4405000,2253556,2151444,2348459,2056541,3283506,1640388,1643118,1640388,1643118,563186,271022,292164,271022,292164,463405,342146,121259,342146,121259,94903,0,94903,94903,0,,,,,,,,,,,,,,,,,,,,,,,6881,2994,,120,61.4,58.6,64,56,1200.4,614.1,586.3,640,560.4,,,,,,,,,,,,,,,,,,,,,,,16.8,26.4,,,,,,,,,,,,,,,,,,,,,,,,,,,,,62.7,66.5,,,,,,,,,,,,,,84.7,87.3,,,,,,
2021-08-24,2021-08-25 08:00,4420008,2258460,2161548,2354228,2065780,3294959,1644421,1650538,1644421,1650538,565727,271849,293878,271849,293878,463554,342190,121364,342190,121364,95768,0,95768,95768,0,,,,,,,,,,,,,,,,,,,,,,,9169,5105,,120.5,61.5,58.9,64.2,56.3,1204.5,615.5,589.1,641.6,563,,,,,,,,,,,,,,,,,,,,,,,17.2,27,,,,,,,,,,,,,,,,,,,,,,,,,,,,,63.1,66.7,,,,,,,,,,,,,,84.8,87.3,,,,,,
2021-08-25,2021-08-26 08:00,4442584,2268444,2174140,2364793,2077791,3314175,1653144,1661031,1653144,1661031,568092,272833,295259,272833,295259,463968,342467,121501,342467,121501,96349,0,96349,96349,0,,,,,,,,,,,,,,,,,,,,,,,9535,6025,,121.1,61.8,59.2,64.4,56.6,1210.7,618.2,592.5,644.4,566.2,,,,,,,,,,,,,,,,,,,,,,,17.7,27.6,,,,,,,,,,,,,,,,,,,,,,,,,,,,,63.6,67.1,,,,,,,,,,,,,,85.1,87.5,,,,,,
2021-08-26,2021-08-27 08:00,4455907,2273417,2182490,2370215,2085692,3325183,1657473,1667710,1657473,1667710,569845,273469,296376,273469,296376,464081,342475,121606,342475,121606,96798,0,96798,96798,0,,,,,,,,,,,,,,,,,,,,,,,8226,5428,,121.4,62,59.5,64.6,56.8,1214.3,619.5,594.8,645.9,568.4,,,,,,,,,,,,,,,,,,,,,,,18,28.2,,,,,,,,,,,,,,,,,,,,,,,,,,,,,63.9,67.2,,,,,,,,,,,,,,85.2,87.6,,,,,,
2021-08-29,2021-08-30 08:00,4480385,2280877,2199508,2378785,2101600,3343781,1663647,1680134,1663647,1680134,574519,274736,299783,274736,299783,464177,342494,121683,342494,121683,97908,0,97908,97908,0,,,,,,,,,,,,,,,,,,,,,,,3910,1530,,122.3,62.2,60,64.9,57.4,1222.8,622.5,600.3,649.2,573.6,,,,,,,,,,,,,,,,,,,,,,,18.8,28.9,,,,,,,,,,,,,,,,,,,,,,,,,,,,,65,68,,,,,,,,,,,,,,84.8,87.1,,,,,,
